amount,new_payee,on_call,typing_pause,typing_variance,device_movement,transaction_hour,previous_transactions,fraud
18789.55,1,0,6.03,0.2,0.2,10,74,0
43322.19,0,0,0.3,0.97,0.84,5,1,1
9173.07,0,0,5.3,0.46,0.33,9,91,0
48690.4,0,0,6.22,0.41,0.98,2,50,1
34047.35,0,0,9.43,0.59,0.42,20,1,0
34243.23,0,0,5.0,0.08,0.91,3,49,1
33159.86,0,0,5.51,0.23,0.97,11,33,0
19818.0,1,0,3.33,0.59,0.54,7,84,0
19495.0,0,1,3.63,0.32,0.57,8,28,0
40129.63,0,1,7.75,0.24,0.06,10,80,0
35595.96,1,0,9.27,0.67,0.92,8,71,1
22527.59,0,0,6.72,0.68,0.61,21,90,0
28106.05,0,1,8.5,0.74,0.27,13,26,0
26184.37,0,0,1.17,0.08,0.65,19,95,0
34806.25,0,0,5.44,0.24,0.95,6,58,0
34769.77,1,0,3.03,0.15,0.48,11,43,0
20883.85,1,0,1.31,0.39,0.91,0,26,1
21412.68,1,1,0.17,0.54,0.45,4,96,1
6081.28,0,1,3.3,0.54,0.72,16,61,0
48591.93,1,0,5.02,0.34,0.32,16,58,0
30517.26,0,0,2.86,0.91,0.28,1,52,0
24523.69,1,0,6.75,0.77,0.28,5,23,1
23568.0,1,0,8.18,0.81,0.19,5,79,1
2134.68,0,0,0.26,0.54,0.27,6,51,0
47032.11,0,0,8.39,0.69,0.75,17,22,0
27118.25,0,0,1.83,0.98,0.54,16,1,0
49813.06,1,0,8.84,0.23,0.31,18,47,1
42348.39,1,0,8.89,0.86,0.94,3,37,1
33482.51,0,0,9.41,0.97,0.32,13,81,0
24332.13,0,1,1.84,0.07,0.52,15,19,0
18386.79,1,0,3.15,0.57,0.53,21,21,0
12275.08,1,0,8.93,0.65,0.81,0,27,1
33479.31,1,0,5.04,0.59,0.78,16,43,1
47028.88,1,1,3.76,0.06,0.93,16,45,1
48336.08,1,1,3.02,0.42,0.86,2,17,1
27884.38,1,0,5.74,0.14,0.63,21,22,1
7090.19,0,1,7.43,0.71,0.72,15,38,1
14750.23,1,1,8.68,0.92,0.54,3,44,1
9794.27,0,0,0.6,0.89,0.08,1,65,0
21979.86,0,0,1.63,0.98,0.85,21,48,0
1963.67,1,0,1.36,0.55,0.78,11,4,0
22917.53,1,0,4.17,0.71,0.18,15,12,0
48479.89,1,0,4.05,0.46,0.76,4,89,1
48136.16,1,0,4.15,0.21,0.2,1,95,0
27506.41,1,0,2.87,0.96,0.75,4,21,1
36528.96,0,0,1.67,0.16,0.37,4,46,0
2132.37,1,0,4.79,0.14,0.52,6,99,0
8742.77,0,0,6.2,0.65,0.09,9,18,0
25206.5,1,0,1.71,0.12,0.66,16,91,0
29330.2,1,0,3.94,0.66,0.49,18,42,0
47079.09,0,1,9.06,0.24,0.12,13,1,1
2044.26,0,0,6.59,0.42,0.7,1,6,0
5996.42,0,0,8.79,0.75,0.81,3,9,0
21231.2,0,0,7.34,0.17,0.29,23,22,0
46544.79,1,0,7.53,0.77,0.15,16,61,1
24878.4,0,0,1.09,0.1,0.96,18,75,0
17809.77,1,0,4.88,0.52,0.13,4,98,0
30161.8,0,0,9.47,0.79,0.16,20,41,0
48714.99,1,0,7.4,0.57,0.72,14,75,1
34432.7,1,1,8.4,0.45,0.26,8,49,1
44605.66,0,0,2.41,0.6,0.87,21,16,0
47367.7,1,0,3.82,0.13,0.79,21,38,0
21268.68,1,0,4.98,0.06,0.5,19,91,0
38383.02,1,0,6.84,0.28,0.43,16,24,1
43443.1,0,1,0.22,0.97,0.09,20,79,0
26432.29,1,0,5.58,0.97,0.55,8,48,1
34817.86,0,0,5.88,0.91,0.09,11,73,0
47525.53,1,0,6.24,0.31,0.23,7,57,1
11546.8,0,0,2.67,0.48,0.08,8,32,0
20619.22,0,0,1.42,0.12,0.94,18,68,0
30709.42,0,1,8.67,0.09,0.08,0,64,1
24070.47,1,0,7.52,0.42,0.84,16,76,1
3269.24,0,0,0.24,0.12,0.71,4,94,0
37520.55,1,0,7.29,0.77,0.41,20,77,1
10331.76,0,0,2.15,0.88,0.77,1,91,0
13506.76,0,0,4.81,0.84,0.34,0,53,0
48401.89,0,0,5.94,0.51,0.45,4,84,0
32004.13,1,1,6.21,0.98,0.63,17,29,1
27785.3,0,0,5.52,0.48,0.91,22,50,0
34912.33,1,0,8.44,0.78,0.11,4,33,1
31078.2,0,0,5.84,0.37,0.56,22,54,0
29279.83,0,0,1.88,0.71,0.44,2,26,0
33411.13,0,0,0.5,0.21,0.31,21,20,0
27480.89,0,0,8.95,0.17,0.36,8,25,0
39990.58,0,0,8.75,0.92,0.11,3,0,1
4317.4,0,1,5.41,0.93,0.27,22,77,0
23180.48,1,0,2.6,0.73,0.9,13,17,1
22425.88,0,0,2.77,0.41,0.07,16,85,0
16442.12,0,1,5.98,0.7,0.8,12,17,1
4437.32,0,0,7.48,0.46,0.17,8,5,0
44992.41,0,0,5.03,0.36,0.94,20,21,0
11344.11,0,0,8.52,0.13,0.82,23,54,0
42131.47,0,0,7.0,1.0,0.9,19,91,1
45878.04,0,1,4.96,0.74,0.83,1,78,1
26798.33,0,1,2.13,0.97,0.73,19,96,1
36838.73,0,0,7.7,0.13,0.53,3,76,0
26676.21,0,0,1.43,0.11,0.99,12,39,0
40512.73,0,0,7.63,0.62,0.5,22,34,0
17508.53,1,1,9.65,0.17,0.74,8,33,1
9143.53,0,0,5.79,0.85,0.18,8,13,0
39996.9,1,0,2.43,0.65,0.91,12,41,1
19683.01,1,0,3.83,0.49,0.34,22,62,0
25185.75,0,1,3.9,0.57,0.91,18,38,0
5933.21,1,0,3.42,0.18,0.8,0,93,0
44705.24,1,0,3.19,0.29,0.76,3,85,1
35731.8,0,0,1.12,0.56,0.41,12,87,0
30237.5,0,0,4.91,0.44,0.78,18,35,0
27181.95,0,0,1.9,0.91,0.6,7,22,0
23154.09,1,0,5.9,0.53,0.63,14,59,1
29688.85,0,1,7.92,0.07,0.67,16,91,1
18784.32,0,0,1.13,0.85,0.92,0,45,0
11871.71,0,0,8.39,0.37,0.35,18,39,0
30433.93,0,0,2.14,0.8,0.62,2,62,0
20783.78,1,1,4.71,0.51,0.92,10,58,1
22676.73,0,0,5.03,0.45,0.92,16,28,0
29071.36,0,0,6.67,0.22,0.96,16,19,0
20789.74,0,1,5.07,0.62,0.11,22,50,1
10574.29,1,0,1.99,0.08,0.5,7,18,0
3378.86,1,0,5.29,0.47,0.43,5,50,0
7846.49,0,1,9.47,0.4,0.31,13,33,0
20495.84,0,0,7.19,0.68,0.08,22,66,0
11630.63,0,0,1.13,0.81,0.22,0,91,0
11985.32,0,0,7.25,0.86,0.84,3,36,0
7139.98,0,0,0.96,0.65,0.75,20,18,0
6226.57,1,0,7.07,0.92,0.64,10,1,0
18216.65,0,1,3.52,0.79,0.39,20,43,0
11053.58,1,0,1.23,0.59,0.99,22,95,1
21318.15,0,0,5.46,0.65,0.29,21,21,0
41763.02,1,0,1.8,0.31,0.07,17,84,0
40771.22,0,0,4.11,0.52,0.73,20,85,0
6930.59,1,1,6.01,0.62,0.68,6,9,1
45729.16,0,0,5.24,0.09,0.21,10,64,0
4231.65,0,0,3.95,0.32,0.39,16,58,0
14926.37,0,0,6.67,0.94,0.75,0,35,0
27038.15,0,1,8.48,0.96,0.2,8,25,1
23764.44,0,0,4.19,0.72,0.62,6,34,0
40973.21,1,0,2.79,0.61,0.39,11,58,0
45873.95,0,1,4.52,0.23,0.56,23,82,0
36638.02,1,0,6.95,0.86,0.29,11,14,1
34689.44,0,0,0.54,0.61,1.0,20,85,0
45782.87,0,0,3.04,0.93,0.97,22,92,0
23763.29,1,1,3.26,0.84,0.09,23,98,1
28077.79,0,1,5.35,0.47,0.43,6,14,1
40218.45,0,0,7.4,0.54,0.46,11,65,0
1317.6,1,0,8.76,0.55,0.94,2,38,1
573.32,0,0,0.47,0.51,0.6,11,9,0
4675.8,0,0,7.35,0.05,0.49,23,29,0
42655.81,1,0,2.84,0.91,0.09,14,48,0
19642.34,0,1,8.0,0.3,0.61,6,55,0
44221.53,0,1,9.89,0.76,0.11,7,19,1
41907.5,0,1,1.29,0.09,0.41,8,2,0
41327.66,1,0,2.24,0.54,0.62,16,60,0
13085.65,0,0,9.96,0.9,0.49,12,88,0
29687.7,0,0,8.79,0.3,0.17,8,66,0
47787.01,1,1,6.59,0.57,0.13,23,78,1
353.6,0,0,5.37,0.96,0.15,4,76,0
42575.23,0,0,5.96,0.83,0.38,1,39,1
28330.03,0,1,7.99,0.68,0.86,15,40,1
16767.04,0,1,1.15,0.71,0.23,4,44,0
43604.99,0,1,1.38,0.37,0.76,17,99,0
27853.47,1,0,2.01,0.13,0.36,8,16,0
5880.61,0,0,8.2,0.17,0.32,6,73,0
21668.82,1,0,1.88,0.77,0.8,19,95,1
38565.62,1,0,7.73,0.72,0.5,21,89,1
3827.25,1,1,6.79,0.47,0.67,19,75,1
1326.89,0,0,4.94,0.78,0.7,1,45,0
23480.12,1,0,8.56,0.55,0.83,10,31,1
4210.81,0,0,2.81,0.95,0.19,20,46,0
21044.39,0,0,2.81,0.98,0.44,5,14,0
37317.27,0,1,7.18,0.58,0.5,7,59,1
9357.72,1,0,7.73,0.85,0.77,2,92,1
6649.12,0,1,6.2,0.81,0.51,13,70,0
6346.77,0,0,2.09,0.52,0.11,21,1,0
39898.2,0,0,0.22,0.12,0.42,13,94,0
36122.19,0,0,9.53,0.91,0.74,18,87,1
7381.51,0,0,0.28,0.51,0.25,0,73,0
38812.66,1,0,5.39,0.89,0.13,12,25,1
19906.47,0,0,6.93,0.81,0.24,22,43,0
5317.94,0,0,0.41,0.94,0.1,8,75,0
43561.36,1,1,3.46,0.82,0.13,19,79,1
27424.86,1,0,6.47,0.55,0.75,10,81,1
3111.57,0,0,8.73,0.26,0.98,3,44,0
9187.68,1,0,5.03,0.58,0.73,21,36,0
49817.06,1,0,2.08,0.7,0.12,14,96,0
42038.58,0,1,4.22,0.85,0.65,11,19,0
25291.76,0,0,5.92,0.08,0.43,3,65,0
29926.41,1,0,9.92,0.32,0.39,2,17,1
31614.85,1,0,7.19,0.91,0.22,11,13,1
48572.62,0,1,4.97,0.28,0.88,14,13,0
25789.39,0,0,1.72,0.42,0.97,1,34,0
32871.16,0,0,1.4,0.97,0.48,10,9,0
3767.49,0,0,3.44,0.84,0.46,19,7,0
30895.53,1,0,1.76,0.08,0.75,4,75,1
23784.08,1,1,5.9,0.87,0.25,19,77,1
2948.63,0,1,0.49,0.17,0.48,20,58,0
15876.19,0,0,1.57,0.99,0.97,10,97,0
16224.22,1,0,2.62,0.55,0.38,5,83,0
6374.5,0,0,9.4,0.75,0.2,20,0,0
36568.39,0,0,9.64,0.29,0.68,22,89,0
18777.41,0,0,8.33,0.87,0.78,7,88,0
34507.38,0,0,6.62,0.42,0.67,1,63,0
2505.78,1,0,8.72,0.79,0.59,8,74,0
43937.93,0,0,6.71,0.82,0.77,8,22,1
21835.61,1,0,5.49,0.06,0.36,11,70,1
28215.6,0,0,6.01,0.57,0.47,5,89,0
29394.38,0,0,7.62,0.53,0.57,7,47,0
42373.65,1,1,1.18,0.19,0.55,14,43,1
23887.1,0,0,7.49,0.73,0.55,20,22,0
21600.02,1,0,9.55,0.67,0.41,3,20,1
24011.24,0,0,6.21,0.55,0.69,14,27,0
27004.15,0,0,7.19,0.31,0.44,10,6,0
34087.78,0,0,7.12,0.15,0.59,9,55,0
48150.05,0,1,5.55,0.09,0.65,12,21,1
40977.52,1,0,2.2,0.63,0.44,9,71,0
38520.24,0,0,3.09,0.75,0.86,6,73,0
40495.55,1,0,4.3,0.2,0.27,11,97,0
23697.31,0,0,3.19,0.27,0.25,10,9,0
12918.5,0,0,1.5,0.31,0.62,17,66,0
22191.58,0,0,0.26,0.37,0.83,3,89,0
16927.63,1,0,2.72,0.66,0.62,8,7,0
18411.11,0,0,4.48,0.84,0.69,11,26,0
32044.39,0,0,6.83,0.27,0.48,21,69,0
2711.71,0,0,9.96,0.47,0.37,21,43,0
4529.49,1,0,7.57,0.21,0.44,22,15,0
161.71,0,1,4.8,0.41,0.16,18,4,0
36885.29,1,0,6.75,0.14,0.29,7,31,1
6472.9,1,0,7.12,0.08,0.34,17,65,0
19107.39,0,0,5.15,0.83,0.32,3,81,0
25832.4,1,0,9.92,0.86,0.25,14,48,1
5906.68,1,0,8.79,0.87,0.82,15,6,1
15303.49,0,0,1.82,0.71,0.38,19,81,0
32084.51,1,0,8.63,0.93,0.51,13,79,1
38264.01,0,0,4.05,0.19,0.4,7,20,0
1388.01,0,1,5.54,0.97,0.46,12,30,0
25356.48,0,0,6.44,0.26,0.64,22,82,0
19384.4,0,0,2.2,0.51,0.77,23,78,0
49185.58,0,0,1.3,0.34,0.15,15,15,0
3208.36,0,1,8.16,0.63,0.34,19,35,0
26399.37,0,0,8.88,0.48,0.23,6,26,0
20765.07,1,0,7.72,0.06,0.45,20,78,1
29149.2,0,0,6.23,0.36,0.84,12,84,0
10022.93,0,0,3.78,0.3,0.66,20,51,0
13374.36,0,0,8.66,0.28,0.67,2,92,0
19784.37,0,0,8.93,0.96,0.8,8,40,0
34437.92,0,0,8.42,0.09,0.91,20,27,0
31896.35,0,1,6.4,0.63,0.11,23,44,1
7593.43,1,0,6.83,0.09,0.13,10,0,0
3697.01,0,0,9.57,0.75,0.39,13,99,0
17550.19,1,0,1.93,0.22,0.14,21,95,0
3528.77,0,0,5.2,0.9,0.79,7,24,0
48801.94,0,0,2.63,0.3,0.12,22,61,0
44801.15,0,0,4.8,0.16,0.51,15,31,0
30863.34,0,0,1.2,0.62,0.14,7,58,0
27549.59,0,0,2.81,0.93,0.69,18,45,0
734.47,1,0,3.24,0.89,0.3,14,17,0
31839.93,0,1,7.51,0.58,0.22,10,85,1
37684.05,0,0,7.31,0.15,0.7,19,26,0
48259.97,0,0,3.49,0.44,0.77,0,55,0
30635.83,0,0,1.03,0.6,0.88,4,7,0
23131.72,0,0,7.29,0.99,0.14,9,97,0
10281.38,0,0,6.2,0.23,0.39,12,8,0
27755.9,0,0,0.45,0.76,0.24,1,52,0
18460.24,0,0,3.13,0.88,1.0,3,3,0
36131.34,1,0,3.98,0.44,0.71,20,73,0
31017.51,0,0,1.02,0.61,0.51,13,2,0
3336.19,0,0,5.65,0.62,0.69,17,18,0
13564.05,1,0,0.86,0.11,0.37,5,30,0
41274.02,0,0,1.31,0.75,0.27,19,91,0
36809.59,1,1,6.46,0.45,0.65,15,46,1
6004.98,0,1,3.9,0.59,0.61,19,60,1
48984.37,0,0,5.9,0.61,0.71,12,50,0
47039.89,0,0,8.74,0.85,0.23,16,20,0
22963.53,0,0,0.9,0.74,0.52,0,23,0
36502.46,1,0,6.14,0.18,0.76,23,88,1
47835.07,0,0,2.89,0.3,0.28,13,9,0
13670.29,1,0,7.79,0.11,0.51,23,83,0
31023.0,0,0,3.22,0.78,0.13,14,81,0
36649.19,0,0,8.83,0.42,0.84,23,13,0
36567.97,1,0,6.58,0.24,0.59,18,88,1
47357.1,1,0,0.32,0.73,0.45,6,85,0
28105.02,0,0,8.62,0.74,0.11,21,48,0
27222.56,0,0,4.9,0.21,0.95,15,56,0
33484.21,0,0,6.54,0.57,0.11,7,37,0
40339.54,0,0,7.88,0.24,0.3,19,25,0
16577.73,1,0,2.13,0.88,0.89,13,26,0
47337.23,0,0,5.62,0.57,0.14,2,71,0
14193.3,0,0,3.78,0.48,0.43,10,18,0
22109.5,0,0,1.03,0.39,0.77,4,84,0
15686.22,0,0,8.98,0.54,0.48,5,11,0
8385.11,0,0,8.98,0.21,0.53,0,7,0
44710.09,0,0,4.46,0.63,0.13,8,11,1
37012.54,0,1,4.91,0.17,0.74,1,3,1
49854.2,1,0,1.39,0.7,0.14,3,24,1
41165.63,0,0,9.74,0.37,0.33,5,49,0
5626.35,1,1,9.02,0.67,0.35,23,97,1
40980.83,1,0,2.52,0.16,0.13,0,84,0
21063.92,1,0,1.99,0.63,0.46,21,16,0
42088.23,0,1,6.38,0.17,0.69,1,98,0
34347.73,0,0,8.57,0.27,0.85,22,62,0
17084.97,1,0,3.67,0.12,0.77,20,45,0
37986.51,1,0,8.09,0.11,0.9,18,96,1
43723.91,0,0,3.96,0.41,0.27,20,71,0
6529.55,0,1,4.84,0.07,0.45,13,25,0
48315.55,0,0,9.73,0.83,0.71,19,44,1
48144.24,1,0,8.31,0.32,0.88,13,37,1
6100.34,0,0,0.56,0.59,0.32,13,74,0
3804.62,0,0,6.03,0.11,0.88,1,85,0
44625.89,0,0,2.47,0.8,0.08,2,10,0
49772.33,1,0,0.73,0.84,0.62,0,72,1
45490.38,0,1,8.8,0.59,0.54,14,39,1
15915.63,0,0,6.06,0.9,0.47,7,20,0
31602.25,0,0,2.45,0.54,0.15,21,75,0
24434.59,0,1,6.05,0.76,0.53,22,37,1
3639.52,0,0,4.78,0.09,0.18,9,64,0
22578.22,0,0,4.75,0.48,0.5,16,12,0
26896.67,1,0,8.35,0.85,0.32,6,84,1
21983.07,0,0,0.54,0.31,0.83,16,40,0
40928.51,0,1,5.79,0.08,0.69,13,18,1
22584.79,1,0,3.96,0.74,0.89,20,11,1
33762.93,0,0,9.54,0.74,0.87,13,86,1
35906.85,1,0,8.73,0.29,0.68,0,35,1
18515.75,0,0,7.54,0.12,0.13,14,40,0
47092.11,0,0,3.68,0.61,0.06,17,50,0
45673.02,0,1,7.27,0.16,0.91,5,2,1
26744.98,0,0,4.28,0.33,0.51,12,78,1
2282.58,0,0,3.5,0.74,0.67,20,53,0
42606.88,0,0,5.47,0.87,0.61,11,97,0
19273.56,0,0,7.62,0.14,0.9,21,99,0
19709.41,0,0,1.74,0.66,0.09,0,64,0
47337.56,0,0,3.85,0.06,0.42,10,48,0
5152.87,1,0,8.43,0.6,0.58,3,49,0
24330.93,0,0,9.64,0.41,0.09,21,63,0
20766.1,0,0,1.56,0.51,0.17,4,41,0
18802.7,0,0,9.95,0.57,0.13,14,16,0
19337.04,0,0,1.63,0.58,0.56,21,52,0
41699.13,0,0,2.67,0.23,0.1,13,20,0
48324.23,0,0,5.85,0.18,0.47,14,97,0
24496.0,0,1,8.82,0.64,0.59,18,36,1
36567.82,0,1,7.14,0.91,0.18,20,97,1
36134.95,0,1,1.39,0.8,0.17,16,55,0
13860.8,1,1,1.57,0.49,0.98,11,51,0
43191.02,0,0,2.93,0.24,0.77,14,26,0
25612.65,0,0,8.67,0.98,0.44,18,46,1
38249.94,0,1,2.08,0.15,0.86,16,80,0
42363.75,1,0,8.85,0.48,0.53,13,60,1
46326.49,0,0,6.91,0.74,0.71,9,63,1
15039.84,0,1,2.86,0.25,0.96,14,34,0
49891.26,0,1,3.02,0.06,0.75,4,0,1
3544.57,0,1,8.24,0.82,0.89,2,65,1
5309.77,0,0,2.88,0.7,0.07,10,98,0
27501.6,0,0,7.01,0.06,0.15,5,15,0
34119.26,0,1,2.5,0.5,0.19,12,55,0
14835.0,0,0,8.05,0.93,0.43,21,92,0
29204.55,1,0,2.27,0.08,0.25,18,56,0
38004.61,0,0,8.68,0.48,0.83,21,51,0
31890.83,0,0,2.42,0.34,0.33,3,76,0
45847.91,1,0,1.67,0.89,0.83,10,75,1
20182.09,0,0,7.85,0.73,0.61,16,86,0
29205.0,0,0,9.41,0.13,0.93,0,18,1
28292.72,1,0,9.08,0.95,0.45,5,55,1
48207.51,0,0,4.99,0.42,0.65,23,54,0
317.73,0,0,6.7,0.97,0.77,16,67,0
35156.77,0,0,7.84,0.66,0.1,4,47,0
19317.49,1,0,1.2,0.65,0.78,8,70,0
38401.62,0,1,8.52,0.25,0.67,10,53,1
44019.82,0,0,6.12,0.33,0.18,6,35,0
36956.01,0,0,4.01,0.73,0.24,3,20,0
14441.74,0,0,1.2,0.54,0.3,20,73,0
833.2,0,0,0.29,0.17,0.44,2,16,1
45312.69,0,0,8.79,0.09,0.43,0,83,0
22800.45,0,0,1.4,0.86,0.6,9,58,0
19190.76,0,0,4.41,0.37,0.37,22,57,0
11240.84,0,0,5.72,0.68,0.57,3,50,0
1277.39,1,0,7.83,0.49,0.43,3,66,0
35535.76,1,0,4.79,0.11,0.69,3,89,0
49511.42,0,0,6.54,0.66,0.58,21,16,0
11346.53,0,0,6.26,0.79,0.6,10,76,0
40575.08,0,0,6.77,0.3,0.38,19,87,0
36276.56,0,0,6.93,0.71,0.93,19,51,1
11589.52,0,0,3.09,0.77,0.39,20,45,0
3904.34,0,1,4.65,0.57,0.46,2,93,0
43211.68,0,1,6.78,0.18,1.0,17,10,1
19653.73,0,0,6.4,0.52,0.44,11,10,0
23002.28,1,0,2.22,0.06,0.06,11,28,0
45404.15,1,1,5.26,0.98,0.77,12,7,1
38677.14,0,0,4.64,0.79,0.96,17,85,0
42774.83,0,1,7.87,0.41,0.57,10,84,1
11181.59,0,1,7.32,0.14,0.46,2,12,0
122.09,1,0,9.9,0.96,0.52,6,66,0
19683.66,1,1,9.51,0.6,0.39,17,44,1
12624.97,0,0,6.6,0.28,0.23,12,19,0
5180.0,0,0,0.49,0.08,0.22,1,40,0
47527.91,0,0,5.84,0.54,0.77,18,59,0
21562.13,1,1,4.07,0.77,0.83,19,14,1
27270.84,0,0,3.03,0.61,0.08,13,90,1
3543.48,1,0,4.15,0.82,0.84,3,97,0
38717.92,0,1,5.21,0.49,0.09,19,22,1
46557.4,0,0,5.37,0.61,0.11,5,56,0
48656.6,0,0,3.11,0.27,0.05,14,67,0
48345.59,0,0,7.44,0.86,0.45,17,29,0
16332.23,1,1,1.9,0.4,0.91,21,99,0
49244.43,1,0,5.95,0.68,0.12,9,73,1
1131.5,0,0,2.76,0.65,0.51,16,67,0
47465.51,0,0,5.64,0.79,0.72,18,35,1
48623.76,0,0,1.88,0.14,0.81,14,22,0
6343.75,1,0,0.41,0.1,0.19,5,5,0
33290.8,0,0,7.67,0.69,0.46,0,80,0
19087.83,0,0,7.37,0.42,0.07,19,34,0
669.76,1,1,4.43,0.27,0.72,18,5,0
27366.87,1,0,5.1,0.73,0.87,12,63,1
35749.1,1,0,8.81,0.82,0.69,11,22,1
15895.83,1,0,0.8,0.35,0.94,17,15,0
49097.09,0,0,1.71,0.23,0.07,20,74,0
9652.24,0,1,4.36,0.88,0.63,23,58,0
17857.15,0,0,6.81,0.12,0.25,6,67,0
49104.27,1,0,1.25,0.79,0.8,23,19,0
13964.85,0,0,9.81,0.11,0.54,16,65,0
48536.76,0,0,7.41,0.72,0.45,16,75,0
3794.71,0,0,7.43,0.65,0.57,5,21,0
7282.7,0,0,9.26,0.11,0.46,19,18,0
31220.07,0,0,0.25,0.97,0.29,9,72,0
35360.83,0,0,2.78,0.62,0.87,0,82,0
5384.7,0,1,7.39,0.89,0.24,21,99,0
35086.87,0,0,0.25,0.6,0.29,3,82,0
47883.29,0,1,1.97,0.69,0.98,16,73,0
515.17,0,0,7.51,0.92,0.46,14,3,0
21776.73,1,0,5.94,0.63,0.66,9,49,1
35731.23,0,0,8.79,0.75,0.06,0,68,0
3949.54,1,0,4.31,0.25,0.62,15,81,0
18672.8,0,1,3.89,0.52,0.32,23,45,0
19932.66,0,0,9.88,0.33,0.78,16,72,0
10390.25,1,0,8.67,0.92,0.87,17,55,1
39389.93,0,1,6.42,0.84,0.52,17,36,1
39220.97,0,0,7.87,0.62,0.24,21,6,0
2903.19,0,1,1.14,0.78,0.44,17,0,0
46208.94,0,0,7.89,0.95,0.76,2,46,1
34288.2,0,0,3.17,0.29,0.54,22,24,0
17908.61,0,1,7.91,0.34,0.92,4,35,1
31647.61,0,0,2.39,0.35,0.91,5,34,0
17509.61,0,0,8.86,0.38,0.49,21,72,0
8102.23,0,0,6.97,0.27,0.16,16,84,0
35965.11,1,0,1.7,0.13,0.07,10,31,0
44553.69,0,0,1.14,0.26,0.54,10,77,0
8429.86,0,0,3.42,0.76,0.59,10,8,0
20847.18,0,0,6.99,0.72,0.21,17,97,0
20656.71,1,0,5.37,0.16,0.63,6,87,1
34634.47,0,0,8.97,0.24,0.53,20,64,0
1004.39,1,0,4.8,0.58,0.65,15,24,0
36592.69,0,0,4.7,0.88,0.24,11,50,0
14346.89,0,0,8.22,0.43,0.51,10,52,0
20545.99,0,0,2.88,0.25,0.09,5,75,0
9167.99,1,1,5.5,0.98,0.48,12,44,1
49461.97,0,1,0.52,0.47,0.12,13,63,0
30459.61,1,0,3.76,0.09,0.38,10,1,0
33118.05,0,0,8.06,0.78,0.57,3,7,1
21360.94,0,0,3.57,0.69,0.77,2,82,0
31061.64,1,0,2.03,0.9,0.76,16,15,1
37959.89,0,0,8.9,0.6,0.65,9,75,0
23748.67,1,0,2.1,0.35,0.28,1,93,0
43445.12,1,0,5.62,0.61,0.18,18,89,1
22593.74,1,0,5.54,0.56,0.65,2,93,1
11329.59,0,1,4.68,0.31,0.67,6,21,0
3250.7,1,1,4.67,0.98,0.8,4,83,1
18480.53,0,0,2.67,0.08,0.89,2,78,0
27911.12,0,0,3.3,0.9,0.89,7,28,0
21877.34,0,0,7.51,0.82,0.72,5,47,1
41349.94,1,1,8.03,0.69,0.06,2,94,1
2113.51,0,0,0.32,0.39,0.79,10,29,0
15707.62,0,0,0.24,0.78,0.64,3,31,0
6718.96,0,0,9.39,0.44,0.43,18,24,0
3559.48,0,0,6.79,0.18,0.6,15,82,0
43433.7,0,0,6.22,0.65,0.5,20,11,0
24757.97,1,0,9.41,0.53,0.95,17,26,1
33908.83,0,1,1.76,0.53,0.71,8,53,0
13836.88,0,0,6.03,0.22,0.72,21,46,0
22700.26,1,0,6.89,0.07,0.21,14,11,1
22798.13,0,1,6.43,0.96,0.89,1,36,1
41706.22,0,0,7.43,0.14,0.61,19,7,0
3419.73,0,1,6.2,0.28,0.71,10,6,0
25128.63,1,0,3.82,0.81,0.89,8,34,1
10107.59,0,0,6.07,0.64,0.94,20,93,0
6484.05,0,0,4.02,0.69,0.9,18,10,1
39491.53,0,0,4.8,0.1,0.95,19,14,0
7449.05,1,0,9.68,0.47,0.31,7,10,0
16380.07,0,0,1.38,0.29,0.39,12,95,0
48771.13,0,1,7.79,0.12,0.99,23,86,1
5019.29,1,0,6.21,0.2,0.5,9,39,0
15250.83,0,0,1.83,0.88,0.47,9,56,0
35787.8,0,0,1.99,0.38,0.57,11,39,0
33243.67,0,0,1.35,0.58,0.78,7,19,0
889.58,0,0,6.59,0.58,0.7,6,98,0
40005.92,0,0,4.22,0.54,0.91,12,80,0
40911.03,0,0,5.18,0.88,0.43,6,71,0
18671.45,0,0,5.75,0.23,0.31,2,97,1
45169.22,0,0,5.63,0.4,0.8,2,9,1
18432.8,0,0,8.47,0.81,0.22,8,30,0
10988.56,1,0,2.71,0.05,0.88,17,48,0
31403.71,1,0,4.64,0.38,0.14,7,90,0
2098.95,0,0,2.46,0.91,0.49,16,27,0
38052.72,0,0,4.36,0.62,1.0,17,92,0
35435.28,0,0,7.65,0.09,0.66,18,14,0
45539.23,0,0,0.6,0.08,0.57,19,8,1
41975.1,0,0,4.55,0.28,0.1,0,77,0
45756.8,0,1,6.99,0.63,0.24,18,10,1
28466.4,0,0,5.61,0.86,0.84,23,5,0
18357.7,0,0,4.37,0.13,0.32,18,10,0
14696.57,0,0,0.51,0.66,0.62,5,18,0
9696.26,0,0,6.04,0.53,0.38,16,42,0
17054.54,0,0,5.48,0.38,0.46,18,57,0
13978.64,0,0,8.51,0.13,0.99,0,62,0
49243.8,1,0,2.07,0.21,0.28,23,75,0
13720.2,0,0,9.14,0.23,0.05,21,72,0
37583.74,1,0,9.05,0.83,0.77,15,14,1
23173.32,1,0,7.2,0.86,0.39,11,86,1
14824.11,0,0,4.46,0.74,0.94,20,88,0
43170.46,1,0,4.91,0.16,0.7,13,51,0
36720.77,0,0,3.96,0.39,0.09,11,46,0
857.33,0,0,8.74,0.55,0.71,7,9,0
16407.06,0,1,8.03,0.15,0.6,22,36,1
6023.58,1,0,0.77,0.62,0.75,18,29,0
43186.94,0,1,7.92,0.76,0.58,21,91,1
49180.0,0,1,4.37,0.38,0.1,19,88,0
34631.36,0,0,6.18,0.29,0.6,21,41,0
41195.26,1,0,3.57,0.39,0.82,16,89,0
7886.19,1,0,9.14,0.59,0.22,7,60,0
28865.97,1,0,2.83,0.24,0.07,4,85,0
3920.76,0,0,9.38,0.35,0.29,17,17,0
16672.28,1,1,2.32,0.28,0.54,10,34,0
3932.47,0,0,4.09,0.84,0.82,16,70,1
12841.29,0,0,4.19,0.69,0.68,15,78,0
19823.44,0,0,8.29,0.09,0.45,12,65,0
27896.32,0,0,7.34,0.96,0.26,7,70,0
46721.78,1,0,6.34,0.43,0.76,17,68,1
39070.1,0,0,8.95,0.68,0.06,23,3,0
38429.6,0,0,2.57,0.57,0.31,9,83,0
10838.7,1,0,8.3,0.73,0.71,3,80,1
36445.71,0,0,8.07,0.95,0.43,15,10,0
22774.72,1,1,1.99,0.49,0.46,8,72,1
9141.05,0,0,3.14,0.57,0.45,1,24,0
39880.83,1,0,3.47,0.81,0.1,2,47,1
8234.65,0,0,8.37,0.98,0.18,1,75,0
1892.92,1,0,4.26,0.06,0.87,15,5,0
39102.61,0,0,7.01,0.4,0.59,21,1,0
3188.1,0,0,7.54,0.18,0.54,7,11,1
20583.74,0,0,3.24,0.3,0.13,15,35,0
22557.93,0,1,0.93,0.25,0.76,12,51,0
24677.52,0,0,4.01,0.55,0.2,9,20,0
40291.07,1,0,1.58,0.3,0.39,21,95,0
34016.89,0,0,3.98,0.71,0.23,21,92,0
17306.4,0,0,1.31,0.16,0.67,19,78,0
41320.63,0,1,4.03,0.2,0.75,4,21,1
33596.41,0,0,9.93,0.2,0.99,18,93,0
17655.07,1,0,6.42,0.99,0.78,19,9,1
21431.57,0,0,8.52,0.24,0.94,10,87,0
41181.33,0,0,0.26,0.83,0.09,0,74,0
49598.94,0,0,7.68,0.29,0.87,11,18,0
6385.16,1,0,8.48,0.36,0.69,16,53,0
30197.19,0,0,4.35,0.31,0.78,9,59,0
47158.79,0,0,6.56,0.29,0.67,12,21,0
6188.17,1,0,9.97,0.22,0.61,11,39,0
6406.68,0,0,8.09,0.85,0.51,1,64,0
33675.07,1,0,6.37,0.82,0.43,14,11,1
29641.64,0,0,3.69,0.57,0.85,23,13,0
40030.3,1,0,8.53,0.99,0.74,15,60,1
45023.18,1,0,6.83,0.95,0.33,12,15,1
10972.78,0,0,5.98,0.07,0.74,15,80,0
33286.29,0,0,1.43,0.14,0.84,14,43,0
32524.42,0,0,7.32,0.79,0.16,0,30,1
16204.06,0,0,1.01,0.82,0.9,19,34,0
44949.52,0,1,3.9,0.68,0.99,7,0,1
15814.43,0,0,9.87,0.47,0.56,15,98,0
44576.78,0,0,4.82,0.35,0.51,19,69,0
29655.84,0,0,7.41,0.68,0.16,19,19,0
37698.26,1,0,7.33,0.64,0.23,21,91,1
22207.38,0,1,2.04,0.17,0.97,15,25,0
14973.97,0,0,6.55,0.84,0.98,14,94,0
3428.02,0,0,9.33,0.55,0.31,5,45,0
29969.9,0,0,9.77,0.57,0.18,14,6,0
32084.18,0,0,7.05,0.58,0.39,20,36,0
1144.61,0,0,7.69,0.72,0.36,21,3,0
19857.27,1,0,4.18,0.94,0.29,22,27,0
29028.59,0,1,4.72,0.12,0.21,2,29,0
25015.22,0,0,9.42,0.88,0.48,18,46,0
30859.77,0,0,4.61,0.44,0.74,16,81,0
9962.2,0,0,5.3,0.16,0.87,0,0,0
8210.65,0,0,6.24,0.71,0.25,6,93,0
18245.9,0,0,2.62,0.33,0.55,10,26,0
29679.27,0,0,8.8,0.58,0.88,3,36,1
4122.71,1,0,5.91,0.84,0.13,10,65,0
31541.65,1,0,2.84,0.94,0.17,22,89,1
8939.96,1,0,4.11,0.54,0.6,4,29,0
33645.31,0,1,9.51,0.07,0.98,20,75,1
40737.9,0,0,4.45,0.66,0.41,21,17,0
30013.11,1,0,2.24,0.47,0.1,10,67,0
10050.64,0,0,0.77,0.26,0.94,9,24,0
22324.79,0,0,8.68,0.21,0.44,18,48,0
28623.22,0,0,6.08,0.78,0.55,9,38,0
18753.02,0,0,1.52,0.76,0.28,2,5,0
19316.62,1,1,8.85,0.31,0.23,14,3,0
465.97,0,0,5.25,0.99,0.24,13,76,0
5765.68,1,0,8.24,0.91,0.55,11,0,1
16586.53,0,0,4.57,0.94,0.98,13,77,0
12367.79,0,1,6.87,0.95,0.19,12,42,0
27781.12,0,0,6.74,0.66,0.44,14,8,0
20830.61,0,0,1.85,0.14,0.96,7,5,0
36459.95,0,0,2.45,0.14,0.22,14,81,0
33909.54,0,0,9.23,0.12,0.32,22,74,0
42203.38,0,0,9.62,0.74,0.52,0,50,1
37010.18,0,0,2.03,0.82,0.31,0,18,0
26142.03,0,0,9.58,0.9,0.67,7,79,0
33820.49,0,0,0.69,0.65,0.78,12,45,0
652.82,1,0,4.4,0.17,0.44,5,22,0
15211.21,1,0,5.93,0.94,0.38,14,96,0
32829.58,0,0,2.32,0.12,0.84,18,41,0
23704.07,0,0,3.37,0.76,0.44,20,89,0
25707.44,0,0,3.24,0.92,0.11,8,65,0
14480.41,0,0,2.93,0.75,0.07,13,65,0
47079.56,0,0,1.01,0.64,0.57,23,34,0
44839.08,0,0,8.63,0.6,0.9,1,92,1
40527.04,0,0,9.14,0.59,0.22,1,79,0
10012.36,0,0,5.6,0.61,0.46,8,47,0
8948.6,1,0,7.18,0.6,0.06,8,94,0
791.72,0,0,8.01,0.94,0.07,2,51,0
35380.06,0,1,8.87,0.83,0.07,12,73,1
10499.14,0,0,3.27,0.1,0.18,10,98,0
45170.86,0,0,4.22,0.39,0.92,8,51,0
25659.51,0,1,6.24,0.81,0.13,13,89,1
39116.36,1,0,9.66,0.42,0.17,1,24,1
36492.56,0,0,5.09,0.35,0.46,21,83,0
37286.22,0,0,2.76,0.24,0.79,23,67,0
39773.4,0,0,1.52,0.67,0.66,18,48,0
3215.32,0,0,2.56,0.35,0.82,9,16,0
15193.07,1,1,7.67,0.19,0.71,22,5,1
34158.77,0,0,6.49,0.54,0.16,1,27,0
40139.56,1,0,9.53,0.36,0.68,7,50,1
47292.91,0,1,1.4,0.72,0.75,23,67,1
31286.49,0,0,8.61,0.96,0.26,6,43,0
9807.3,1,0,6.4,0.43,0.6,16,98,1
39673.85,1,1,9.35,0.43,0.5,15,60,1
18212.84,1,0,1.21,0.44,0.89,14,78,0
48074.69,0,0,2.78,0.29,0.94,8,97,0
38797.71,0,0,0.21,0.57,0.98,14,77,0
17270.17,0,0,8.81,0.53,0.53,5,13,0
49138.7,0,0,6.67,0.62,0.44,20,60,0
39274.69,0,1,6.52,0.45,0.49,22,1,1
46548.12,0,0,3.18,0.85,0.3,15,50,0
2831.16,0,0,2.27,0.05,0.92,21,21,0
41129.18,1,0,8.77,0.74,0.27,0,87,1
15454.37,0,0,7.47,0.73,0.27,22,99,0
45900.26,0,0,7.53,0.31,0.64,23,17,0
22664.9,1,0,8.17,0.88,0.78,21,29,1
38924.51,0,1,4.88,0.99,0.77,21,64,1
44336.48,0,1,2.74,0.56,0.87,14,75,0
47706.71,0,0,9.05,0.12,0.99,21,23,0
26925.47,0,0,0.71,0.26,0.4,21,74,0
45274.42,0,0,1.16,0.96,0.11,22,16,0
15799.98,0,1,9.17,0.73,0.32,11,97,0
45480.53,0,1,5.49,0.12,0.96,20,52,1
7036.21,0,0,2.2,0.16,0.84,10,16,0
40999.28,1,0,2.91,0.32,0.41,3,77,0
27273.31,0,0,1.76,0.34,0.53,5,21,0
36999.51,0,0,5.52,0.13,0.41,12,96,0
2086.59,0,1,9.54,0.38,0.09,12,54,0
19671.67,1,0,7.66,0.15,0.98,22,79,0
38784.2,0,0,2.0,0.19,0.94,22,70,0
44384.7,0,1,0.78,0.37,0.35,5,9,0
7510.49,0,1,3.88,0.18,0.24,14,41,0
28263.33,1,0,5.31,0.77,0.73,13,58,1
40066.84,0,0,8.85,0.38,0.7,21,62,0
28831.71,1,0,3.67,0.13,0.24,23,39,0
10432.15,0,0,8.5,0.43,0.28,23,8,0
17207.66,0,0,5.86,0.73,0.28,17,54,0
14190.16,0,1,7.32,0.34,0.62,16,72,0
44522.81,0,0,5.07,0.6,0.6,11,8,0
15770.79,0,0,8.74,0.13,0.51,13,91,0
31249.61,1,0,9.18,0.58,0.33,11,48,1
15678.38,1,0,8.35,0.99,0.8,21,6,1
17027.09,0,0,7.47,0.47,0.07,21,79,0
19434.58,0,0,6.23,0.51,0.68,13,42,0
5730.88,0,0,0.37,0.41,0.15,3,25,0
47861.03,0,0,8.99,0.55,0.72,23,97,0
33369.9,0,0,0.63,0.07,0.39,12,22,0
19445.99,0,0,8.58,0.94,0.52,7,65,0
42792.0,0,0,9.37,0.54,0.52,3,21,0
5496.94,1,0,3.33,0.23,0.58,18,5,1
10428.98,1,0,3.63,0.7,0.31,2,68,0
35359.55,0,0,2.05,0.25,0.09,20,10,0
35246.33,1,0,3.13,0.3,0.71,5,33,0
2736.05,1,0,3.1,0.56,0.59,3,41,0
8396.14,0,0,9.7,0.74,0.93,16,73,0
29626.68,0,0,6.27,0.62,0.52,7,10,0
6904.88,1,1,2.65,0.79,0.42,13,53,0
37522.69,1,0,0.79,0.9,0.42,8,0,1
36262.34,1,1,3.23,0.86,0.09,5,16,1
31213.61,0,0,6.76,0.37,0.22,6,87,0
23821.75,1,0,4.62,0.85,0.16,9,51,0
18961.9,1,0,7.94,0.43,0.45,22,92,0
35981.87,0,1,2.58,0.15,0.42,19,34,0
43053.87,0,0,3.57,0.64,0.89,20,9,0
20271.66,1,1,5.69,0.54,0.32,3,41,1
31575.44,0,0,7.6,0.32,0.35,23,33,0
2905.59,0,1,6.14,0.57,0.29,2,89,0
25813.73,0,0,9.07,0.76,0.56,4,85,1
34776.43,0,0,8.52,0.38,0.08,8,31,0
8113.63,0,0,7.22,0.31,0.35,14,6,0
38043.96,0,0,1.92,0.77,0.5,10,25,0
47216.02,1,0,2.6,0.47,0.85,12,22,0
47609.57,0,1,8.4,0.82,0.35,11,11,1
19168.43,0,0,5.1,0.43,0.65,23,98,0
6771.41,1,0,9.42,0.69,0.4,9,37,0
13850.78,0,0,7.68,0.93,0.24,14,37,0
15584.33,0,0,2.11,0.96,0.92,15,35,0
48833.22,0,1,4.4,0.88,0.22,2,62,1
32713.98,0,0,4.94,0.18,0.28,9,79,0
3017.05,0,0,1.76,0.39,0.43,23,34,0
28903.08,0,0,3.46,0.81,0.12,8,67,0
25281.4,0,0,6.65,0.09,0.4,7,47,0
21094.75,0,1,7.2,0.6,0.81,14,26,1
22898.71,0,0,9.67,0.71,0.13,17,48,0
5646.43,0,0,8.75,0.26,0.2,19,78,0
41152.88,0,0,5.08,0.85,0.67,12,17,0
8866.04,0,0,9.74,0.24,0.06,20,67,0
18855.04,1,0,4.62,0.36,0.1,9,9,0
35512.6,1,0,1.06,0.73,0.32,20,29,0
2064.16,0,0,1.43,0.49,0.63,5,42,0
1452.62,1,0,7.64,0.9,0.46,16,35,0
23901.47,0,1,8.95,0.37,0.63,15,55,1
46556.83,0,0,8.92,0.3,0.5,14,69,0
47611.98,1,0,5.92,0.83,0.42,7,66,1
36527.09,0,0,0.84,0.16,0.88,23,54,0
35672.83,0,0,3.54,0.8,0.64,18,82,0
34017.27,0,0,9.43,0.8,0.07,1,62,1
34448.09,1,0,8.69,0.96,0.27,6,35,1
4939.24,0,0,0.67,0.85,0.11,3,50,0
5277.44,0,0,6.71,0.18,0.86,10,98,0
781.72,1,0,2.47,0.08,0.37,2,85,0
39852.58,0,0,1.96,0.76,0.27,6,85,0
22331.34,1,0,8.65,0.18,0.59,11,71,1
29196.98,1,0,1.02,0.49,0.42,8,71,0
48340.04,1,0,3.55,0.9,0.97,11,65,1
26352.09,0,0,7.39,0.1,0.1,23,88,0
17738.31,0,0,3.28,0.23,0.34,11,17,0
38990.32,0,0,7.88,0.43,0.05,18,33,0
3298.33,0,0,2.19,0.85,0.08,17,31,0
10957.64,0,1,0.82,0.24,0.38,6,12,0
27285.57,0,0,2.46,0.25,0.44,9,8,0
10950.9,0,0,9.77,0.96,0.81,4,39,0
35858.65,0,0,4.38,0.14,0.76,12,26,0
32259.8,0,0,6.39,0.99,0.79,1,51,1
8883.64,1,0,1.46,0.87,0.83,11,87,0
45496.21,1,0,1.13,0.59,0.55,9,96,0
19899.79,0,0,0.12,0.3,0.54,6,55,0
27389.37,1,0,0.37,0.48,0.33,5,40,0
6318.21,0,0,4.52,0.58,0.33,12,10,0
8261.33,0,0,3.09,0.9,0.65,14,92,0
25027.46,1,0,8.09,0.29,0.83,21,36,1
21807.23,0,0,1.42,0.71,0.81,0,15,0
5305.22,0,1,5.33,0.49,0.15,22,91,0
43413.18,1,0,0.85,0.16,0.1,6,41,0
44980.68,0,0,8.23,0.97,0.48,15,94,0
28651.38,1,1,1.79,0.46,0.49,23,63,1
30184.35,0,1,0.84,0.26,0.44,5,45,0
1180.11,0,0,8.81,0.54,0.56,6,0,0
45599.75,0,0,3.69,0.84,0.72,9,68,0
42930.69,0,0,9.47,0.31,0.43,20,48,0
16977.73,1,1,6.65,0.83,0.76,5,25,1
15851.86,0,0,0.49,0.62,0.88,12,79,0
23019.25,0,0,8.23,0.28,0.45,13,88,0
43868.31,0,0,2.01,0.15,0.92,20,63,0
36064.18,0,0,6.36,0.55,0.6,9,28,0
36399.87,1,0,4.07,0.95,0.43,15,27,0
5563.6,0,1,5.46,0.32,1.0,12,89,0
22092.88,0,1,7.18,0.7,0.9,9,35,1
14261.52,0,0,7.62,0.64,0.12,9,51,0
17230.72,0,0,3.29,0.79,0.12,17,86,0
40478.82,0,0,9.51,0.33,0.07,0,93,0
10574.91,1,0,2.26,0.64,0.1,12,64,0
830.89,1,1,2.3,0.25,0.77,18,53,0
44764.32,0,0,8.34,0.52,0.92,4,98,1
8354.47,0,1,9.07,0.1,0.84,6,2,1
13022.18,1,0,9.48,0.25,0.63,3,19,0
22698.88,1,0,3.09,0.23,0.34,21,35,0
7279.01,0,0,7.98,0.18,0.17,10,52,0
27294.62,0,0,1.73,0.17,0.4,1,20,0
10993.33,0,0,1.12,0.21,0.46,18,72,0
21296.69,0,0,0.17,0.49,0.7,6,57,0
12256.38,1,0,7.83,0.91,0.41,11,28,0
21564.12,0,0,7.65,0.94,0.94,16,68,1
43749.71,1,0,0.77,0.3,0.92,17,77,0
17541.19,0,0,6.84,0.33,0.48,16,43,0
44917.51,1,1,8.7,0.22,0.09,9,81,1
45638.99,0,0,8.07,0.12,0.44,0,91,0
11916.2,0,0,6.34,0.99,0.38,9,31,0
36744.07,0,0,7.84,0.24,0.3,8,25,0
20031.67,0,0,7.12,0.91,0.18,22,8,0
1024.71,0,0,7.3,0.8,0.28,12,68,0
22349.74,1,0,1.82,0.39,0.66,6,69,0
29153.65,0,0,6.39,0.87,0.38,16,41,0
40699.08,1,0,9.11,0.2,0.65,19,45,1
32221.62,0,0,3.52,0.21,0.64,1,56,0
47958.3,0,0,6.68,0.38,0.07,18,86,0
47280.19,0,0,5.3,0.24,0.76,8,32,0
22190.42,1,0,8.15,0.61,0.25,4,91,1
3558.46,0,0,7.42,0.08,0.56,0,17,0
10292.4,0,0,9.96,0.51,0.51,5,1,0
45846.12,1,0,7.22,0.61,0.52,9,16,1
23250.42,0,1,3.42,0.95,0.56,2,13,1
27192.73,0,0,1.08,0.64,0.47,20,54,0
11101.48,0,0,9.27,0.72,0.45,5,2,0
4302.23,1,0,2.93,0.61,0.15,6,72,0
8821.77,0,0,7.2,0.79,0.69,17,11,0
4023.47,0,0,9.88,0.42,0.75,22,57,0
10682.85,0,0,4.17,0.27,0.07,9,48,0
48283.93,0,0,0.17,0.7,0.83,2,77,0
37126.92,0,0,6.37,0.9,0.64,20,64,0
20077.8,1,0,7.74,0.51,0.9,7,2,1
41294.19,1,0,8.07,0.86,0.32,10,68,1
2588.02,0,0,5.8,0.66,0.07,10,86,0
12963.15,1,0,0.59,0.62,0.37,19,44,0
45169.22,1,1,6.71,0.17,0.78,5,40,1
7554.14,0,0,8.74,0.63,0.2,18,34,0
25966.44,0,0,2.61,0.81,0.83,20,83,0
25143.29,0,0,1.41,0.57,0.57,17,75,0
14915.09,0,1,9.18,0.78,0.13,11,8,0
5184.4,0,0,9.61,0.91,0.71,16,62,0
13780.79,0,0,8.04,0.42,0.45,4,59,0
14527.92,0,0,4.59,0.86,0.6,0,24,0
9664.4,0,0,3.65,0.55,0.61,20,55,0
23647.94,0,1,8.34,0.43,0.37,21,16,1
45896.86,1,0,5.32,0.58,0.98,23,84,1
5402.67,1,0,4.53,0.25,0.71,2,15,0
27630.45,0,0,9.66,0.41,0.3,8,5,0
22942.45,1,0,7.12,0.07,0.45,5,96,1
36166.16,1,1,5.88,0.49,0.83,21,70,1
17691.21,1,0,9.07,0.17,0.22,7,35,0
4188.73,0,1,9.77,0.41,0.93,17,17,0
45743.26,0,0,0.48,0.74,0.55,20,91,0
295.53,1,1,7.89,0.53,0.34,11,14,1
14305.27,0,0,5.44,0.12,0.07,14,3,0
34999.3,0,1,5.38,0.5,0.98,7,28,1
5988.5,1,0,0.37,0.43,0.99,10,62,0
33664.95,0,0,5.1,0.7,0.24,9,42,0
49781.39,0,0,9.24,0.07,0.74,4,3,1
3177.56,0,0,5.71,0.67,0.34,7,80,0
41838.34,0,0,5.66,0.21,0.24,1,14,0
29715.47,0,0,9.7,0.07,0.81,13,69,0
14930.98,0,0,7.0,0.66,0.79,14,78,0
34627.18,0,0,8.44,0.25,0.12,6,22,0
44710.96,0,0,7.7,0.93,0.51,13,81,0
39468.36,0,1,6.96,0.28,0.94,0,48,1
13470.34,0,0,0.25,0.79,0.39,7,91,0
40487.54,0,0,1.85,0.96,0.12,11,24,0
28970.34,1,0,1.83,0.41,0.85,15,10,0
21032.13,0,0,2.23,0.26,0.74,8,47,0
20816.27,0,0,0.2,0.14,0.58,6,78,0
16940.1,0,0,5.54,0.64,0.68,14,77,0
10851.6,0,1,1.65,0.98,0.85,1,75,0
49072.93,0,0,6.42,0.38,0.93,1,92,1
27515.65,0,0,2.63,0.4,0.85,11,18,0
25493.37,0,0,4.5,0.18,0.15,7,56,0
4348.67,0,0,9.65,0.73,0.99,17,24,0
14760.34,0,0,3.78,0.07,0.72,6,34,0
38917.68,0,0,3.82,0.4,0.55,11,16,0
44443.24,0,0,3.23,0.38,0.23,12,20,0
15796.75,0,0,7.11,0.39,0.12,14,45,0
22172.54,0,0,6.86,0.88,0.28,10,61,0
26950.92,0,0,7.47,0.21,0.23,3,29,0
33274.42,0,0,6.39,0.82,0.83,6,21,1
20765.16,0,0,9.99,0.22,0.06,22,61,0
48424.11,0,0,9.46,0.69,0.11,23,43,0
12088.23,0,0,5.86,0.39,0.21,14,32,0
41527.12,0,0,9.36,0.92,0.25,12,84,0
29114.55,1,0,1.15,0.21,0.71,18,98,0
44613.74,1,0,9.92,0.3,0.84,21,7,1
20741.91,1,0,9.91,0.31,0.52,15,7,1
22086.1,1,0,8.84,0.24,0.88,16,79,1
44441.1,0,0,5.17,0.94,0.1,11,59,0
42842.94,0,0,4.31,0.42,0.92,17,78,0
25305.27,1,0,0.68,0.3,0.46,4,81,0
19423.58,1,0,1.89,0.75,0.29,11,91,0
30931.55,0,0,9.55,0.88,0.72,21,63,1
12694.85,0,0,1.53,1.0,0.64,0,30,0
14479.41,0,0,1.04,0.08,0.52,23,6,1
3217.74,1,0,6.88,0.98,0.71,16,58,1
13475.55,1,0,5.43,0.12,0.94,3,62,1
32931.7,1,0,9.69,0.73,0.93,4,16,1
5941.51,0,0,5.97,0.51,0.64,18,46,0
9822.54,0,1,3.9,0.45,0.73,11,9,0
35328.66,0,0,4.49,0.9,0.44,6,80,0
48151.6,0,1,8.43,0.08,0.68,3,99,1
28024.88,0,0,9.24,0.25,0.88,1,70,1
4634.74,1,0,7.5,0.25,0.56,1,67,0
10668.73,1,0,0.76,1.0,0.07,18,70,0
18331.81,1,0,9.03,0.93,0.06,6,82,0
33498.84,1,0,6.11,0.23,0.81,4,60,1
13503.09,0,0,5.64,0.53,0.19,10,96,0
15932.72,0,0,2.66,0.07,0.32,16,54,0
179.9,0,1,5.98,0.63,0.43,21,4,0
9577.65,1,0,6.59,0.37,0.76,6,83,0
22672.42,0,0,9.75,0.83,0.11,7,87,0
25201.88,0,1,8.75,0.53,0.47,16,90,1
35979.07,0,0,3.63,0.22,0.71,18,62,0
24195.64,0,1,0.39,0.78,0.91,7,48,1
27579.46,1,0,5.25,0.5,0.3,5,99,1
46834.85,0,1,7.66,0.29,0.08,5,49,1
36451.85,0,0,5.07,0.74,0.16,5,98,0
27087.27,1,0,8.1,0.71,0.58,6,70,1
20659.69,0,0,5.29,0.66,0.37,22,9,0
22545.22,1,0,5.0,0.9,0.3,14,91,1
44823.21,0,1,0.98,0.87,0.35,23,1,1
12044.55,0,0,3.27,0.18,0.33,1,0,0
40437.06,0,0,3.13,0.12,0.94,19,81,0
39655.36,0,0,8.75,0.09,0.84,22,76,0
30412.84,0,1,0.53,0.3,0.88,10,50,0
980.49,0,0,4.07,0.33,0.7,2,9,0
39527.56,0,0,8.05,0.58,0.75,18,0,1
17840.94,1,0,5.76,0.76,0.41,8,21,0
23021.37,1,1,5.5,0.68,0.91,3,8,1
11680.72,1,1,8.58,0.44,0.13,14,6,1
23483.23,0,1,8.9,0.76,0.08,21,61,1
962.67,0,1,4.79,0.05,0.06,9,23,0
7834.93,0,0,1.86,0.89,0.47,15,32,0
38236.15,1,0,8.55,0.75,0.89,8,59,1
37405.1,1,0,1.23,0.54,0.61,23,22,0
48148.29,0,0,9.16,0.49,0.11,0,50,0
30131.13,0,1,5.49,0.58,0.54,20,78,1
13288.56,0,0,8.09,0.1,0.62,18,41,0
849.62,0,0,1.47,0.45,0.57,14,3,0
13793.14,0,0,9.42,0.87,0.59,6,60,0
16714.54,0,0,6.91,0.3,0.29,22,16,0
26388.18,0,0,2.27,0.49,0.46,16,72,0
21373.28,0,0,7.76,0.1,0.06,19,47,0
23909.6,0,0,9.33,0.87,0.72,22,75,1
26064.15,1,1,2.23,0.82,0.24,9,15,1
33837.04,0,1,0.98,0.54,0.92,13,68,0
7910.81,0,0,1.68,0.97,0.92,17,73,0
37287.55,0,0,8.39,0.34,0.53,5,77,0
42768.41,0,0,6.93,0.62,0.15,10,79,0
13831.99,1,0,0.81,0.91,0.96,9,40,0
10111.54,1,0,3.13,0.19,0.3,8,76,0
36668.63,0,0,2.92,0.5,0.22,21,39,0
35238.36,0,0,0.84,0.56,0.86,14,74,0
46839.4,0,1,4.88,0.68,0.54,17,19,0
19240.01,0,1,8.09,0.05,0.35,18,71,0
1985.45,0,0,0.62,0.27,0.81,18,8,0
24205.01,0,1,2.09,0.25,0.33,10,51,0
19030.34,1,0,4.18,0.94,0.1,20,51,0
28337.84,0,0,4.09,0.67,0.71,5,76,0
25628.37,0,0,4.51,0.1,0.59,1,9,0
37883.74,0,0,5.42,0.05,0.12,0,16,0
44123.53,0,0,9.74,0.8,0.28,10,7,0
4746.05,0,1,6.45,0.44,0.33,10,48,0
26613.86,0,1,6.46,0.33,0.17,13,93,1
18172.86,0,0,2.07,0.62,0.11,23,43,0
21858.74,1,1,7.74,0.09,0.23,19,32,1
46747.62,1,1,3.1,0.46,0.5,15,47,1
42745.49,1,0,6.97,0.2,0.9,14,81,0
45587.69,0,0,0.48,0.23,0.84,6,82,0
17597.07,0,0,0.1,0.28,0.25,2,72,0
40314.7,0,0,5.09,0.87,0.28,18,63,0
37407.83,0,1,9.6,0.8,0.62,12,78,1
2099.45,1,0,1.61,0.68,0.32,19,74,0
41822.32,0,0,5.42,0.68,0.79,10,63,0
997.61,1,0,6.91,0.8,0.81,16,24,1
22433.74,1,0,4.73,0.31,0.49,15,32,0
22810.7,0,0,4.66,0.06,0.32,15,13,0
31726.47,0,0,3.94,0.28,0.93,22,71,1
21678.61,0,0,5.09,0.22,0.6,0,89,0
36940.95,0,0,4.38,0.51,0.67,23,87,0
26255.32,0,0,9.95,0.51,0.77,0,16,1
2254.2,0,0,8.4,0.67,0.31,5,75,0
10149.82,1,0,2.69,0.11,0.08,9,9,0
44086.14,0,0,9.19,0.44,0.23,19,55,0
15620.73,0,0,7.04,0.16,0.78,7,43,0
39235.56,0,0,7.68,0.12,0.5,17,81,0
14205.1,0,0,1.71,0.51,0.75,12,8,0
49207.53,1,0,6.6,0.5,0.59,1,95,1
31235.58,0,1,5.11,0.12,0.34,18,96,1
12039.02,0,1,5.88,0.53,0.35,5,72,0
29090.33,1,0,6.33,0.71,0.73,20,55,1
6688.56,1,0,9.06,0.83,0.38,20,90,0
17883.89,0,1,6.56,0.48,0.43,16,67,0
20537.09,1,0,2.36,0.93,0.61,16,69,0
30293.06,0,0,5.1,0.22,0.82,22,67,0
6640.89,1,1,9.48,0.4,0.18,9,77,1
45762.66,0,0,4.44,0.77,0.45,6,87,0
45136.44,1,0,8.56,0.79,0.15,4,56,1
5148.07,0,0,9.74,0.47,0.56,21,91,0
48605.47,1,0,9.48,0.45,0.06,6,9,1
27239.51,0,0,6.17,0.88,0.68,14,1,1
40989.45,1,0,5.37,0.32,0.09,6,62,1
26815.01,0,0,4.46,0.84,0.93,10,73,0
19807.76,0,1,9.83,0.93,0.8,10,69,1
40868.32,0,0,7.47,0.13,0.1,19,77,0
22337.38,1,0,1.32,0.19,0.08,9,80,0
15142.66,0,0,6.1,0.59,0.1,0,40,0
25253.1,0,0,9.49,0.85,0.74,5,88,1
3306.21,0,0,8.97,0.67,0.38,17,1,0
40100.81,0,0,3.8,0.69,0.12,17,2,0
35723.66,0,0,1.6,0.47,0.78,10,19,0
3413.63,1,0,6.58,0.47,0.95,21,75,0
26651.13,0,0,0.77,0.23,0.25,11,45,0
28850.35,0,0,0.66,0.13,0.99,15,6,0
46107.18,0,1,1.51,0.53,0.84,22,16,0
25677.55,0,0,4.76,0.72,0.94,4,45,0
2205.8,0,0,1.77,0.77,0.99,12,25,0
9935.59,1,0,4.59,0.56,0.86,16,39,0
18723.05,0,0,1.97,0.91,0.69,11,71,0
5064.86,0,0,0.88,0.55,0.43,18,6,0
4552.19,0,0,9.87,0.58,0.7,10,30,0
4827.47,1,0,4.3,0.67,0.07,13,46,0
28043.68,1,1,1.37,0.07,0.71,8,49,1
31336.6,0,0,5.09,0.61,0.54,2,57,0
16703.43,0,0,4.39,0.39,0.54,18,20,1
34426.71,1,0,2.01,0.16,0.64,14,68,0
9481.98,0,0,5.59,0.55,0.75,9,46,0
44404.86,1,0,1.92,0.46,0.83,0,2,1
26070.76,1,0,0.45,0.92,0.79,16,13,1
37705.15,1,0,8.44,0.77,0.21,4,42,1
9835.93,1,0,6.8,0.52,0.14,22,59,0
49188.22,1,0,9.96,0.85,0.63,13,43,1
18734.89,0,1,6.54,0.63,0.37,4,69,0
15492.61,0,0,7.02,0.86,0.18,8,94,0
499.61,0,0,7.28,0.13,0.73,12,96,0
43897.88,1,1,8.85,0.94,0.87,12,60,1
8595.93,0,0,6.08,0.53,0.87,7,78,0
27189.62,1,0,1.38,0.58,0.95,3,38,0
16414.41,0,1,8.39,1.0,0.07,22,81,0
41046.76,0,0,7.89,0.1,0.4,8,50,0
47959.7,1,0,7.26,0.31,0.85,1,70,1
13684.8,0,1,1.57,0.48,0.52,20,38,0
9867.73,1,1,2.99,0.88,0.78,19,92,1
2429.57,1,0,8.31,0.72,0.95,23,99,1
42793.89,0,0,6.79,0.57,0.27,23,98,1
31579.47,0,0,3.99,0.37,0.84,5,59,1
1981.1,0,0,1.57,0.76,0.06,3,90,0
46633.55,0,0,7.37,0.4,0.73,8,72,0
35312.4,0,0,2.3,0.83,0.63,11,5,0
47205.4,0,1,9.98,0.89,0.82,7,2,1
11642.58,1,0,1.84,0.8,0.35,14,17,0
42047.57,1,0,8.82,0.82,0.62,20,62,1
44421.64,1,0,0.49,0.66,0.1,4,63,0
48085.4,0,0,1.01,0.74,0.38,21,49,0
18706.54,0,0,1.22,0.6,0.09,23,97,0
44329.8,1,1,9.23,0.15,0.17,21,9,1
22556.21,0,0,2.7,0.21,0.7,22,99,0
24227.75,0,0,0.3,0.9,0.59,7,58,0
40416.11,0,0,7.24,0.2,0.86,22,87,0
42107.09,0,0,6.75,0.08,0.74,9,15,0
20816.66,1,0,3.29,0.98,0.99,3,25,1
46720.06,0,0,2.74,0.93,0.21,3,34,0
27820.7,1,0,2.8,0.21,0.64,7,64,0
28519.11,1,0,8.84,0.6,0.17,10,89,1
44888.35,0,0,1.09,0.08,0.58,7,67,0
39809.76,0,0,4.85,0.07,0.14,12,77,0
21914.89,0,0,0.65,0.19,0.71,1,60,0
49277.65,0,1,0.15,0.76,0.91,7,37,1
4896.68,0,1,5.47,0.55,0.18,7,8,0
40525.99,0,0,9.15,0.25,0.68,13,23,0
30227.38,0,0,3.08,0.49,0.62,19,60,0
15201.75,0,0,6.91,0.17,0.45,0,41,0
37443.92,0,1,8.93,0.24,0.63,7,12,1
19637.7,1,0,6.28,0.32,0.41,12,46,0
17003.62,0,1,3.06,0.93,0.27,9,82,0
31564.91,1,0,9.33,0.65,0.32,11,59,1
14412.11,0,0,8.54,0.53,0.69,18,59,0
47736.54,0,1,2.11,0.19,0.86,11,86,0
13247.32,0,0,9.86,0.35,0.16,4,30,0
36001.05,1,0,0.31,0.26,0.1,17,96,0
23029.16,0,0,6.28,0.67,0.12,17,16,0
27095.21,1,0,8.56,0.93,0.23,11,67,1
4843.32,0,0,2.14,0.88,0.2,0,2,0
30324.39,0,0,8.7,0.59,0.47,2,42,0
23288.0,1,0,8.34,0.52,0.16,3,40,1
15230.66,0,0,3.03,0.52,0.45,15,54,0
11644.3,0,0,0.65,0.24,0.06,11,56,0
15887.13,1,0,3.52,0.39,0.06,7,63,0
1696.52,1,1,5.4,0.57,0.67,19,21,1
32396.39,0,0,4.63,0.57,0.89,12,34,0
10581.36,0,0,4.06,0.19,0.53,22,34,0
22132.55,0,1,7.09,0.52,0.29,19,34,1
28893.32,0,0,8.05,0.09,0.99,23,79,0
39823.82,0,0,8.82,0.44,0.56,0,6,0
217.14,0,0,1.3,0.16,0.44,0,70,0
35632.39,0,0,9.41,0.3,0.86,20,39,0
8524.8,1,0,6.01,0.37,0.3,22,18,0
25536.88,0,0,4.81,0.4,0.66,8,40,0
8279.62,0,0,6.29,0.74,0.94,1,35,0
8652.78,0,0,7.87,0.84,0.92,6,93,0
12278.79,1,0,2.69,0.98,0.9,11,4,0
1405.3,0,0,9.36,0.27,0.13,20,29,0
1044.49,0,1,3.58,0.44,0.07,12,78,0
40255.83,0,0,4.53,0.34,0.51,12,62,0
41964.66,0,0,1.46,0.7,0.92,10,1,0
28036.78,1,0,2.67,0.33,0.72,17,10,0
4878.13,1,0,3.7,0.77,0.29,23,30,0
2081.59,1,0,6.4,0.26,0.69,22,71,0
23713.34,0,0,8.95,0.52,0.85,19,73,0
20584.19,0,0,8.28,0.27,0.55,5,10,0
17738.53,0,0,1.18,0.8,0.14,17,87,0
42769.96,0,1,9.8,0.3,0.09,14,32,1
5127.57,1,0,8.71,0.18,0.17,11,62,0
40088.44,0,0,2.42,0.51,0.57,22,67,0
12930.21,1,0,9.66,0.06,0.51,16,15,0
22511.26,0,0,4.21,0.75,0.7,22,40,0
12572.95,0,0,3.76,0.51,0.35,16,59,0
10768.68,0,0,6.64,0.95,0.74,9,79,0
44223.83,1,0,5.9,0.98,0.56,2,51,1
20520.35,1,0,2.55,0.82,0.77,7,67,1
45541.09,1,0,2.05,0.65,0.7,15,53,0
48689.75,0,0,2.88,0.74,0.28,15,53,0
26538.71,0,0,1.27,0.67,0.32,12,89,0
41960.51,0,0,5.71,0.58,0.5,19,85,0
3270.43,0,1,5.44,0.32,0.16,9,60,0
32278.32,0,1,0.32,0.34,0.93,14,88,0
12155.96,0,0,8.97,0.15,0.72,2,73,0
43509.49,0,0,5.76,0.51,0.52,16,40,0
46893.31,0,0,8.08,0.15,0.99,0,67,1
32578.23,0,0,6.63,0.91,0.98,0,50,1
6792.57,0,1,3.02,0.05,0.26,9,55,0
49550.21,0,0,3.41,0.36,0.07,5,16,0
34790.3,0,0,3.57,0.77,0.6,23,79,0
3388.02,0,0,9.38,0.41,0.68,13,80,0
6438.98,0,0,1.66,0.22,0.77,4,28,0
27934.73,0,0,5.67,0.35,0.33,9,60,0
43576.72,0,0,8.99,0.38,0.57,9,58,1
6377.54,0,0,2.11,0.48,0.81,20,58,0
45470.7,0,0,0.15,0.36,0.68,1,12,0
22717.76,0,0,6.71,0.09,0.42,22,27,0
48927.45,0,0,4.19,0.87,0.29,7,6,0
30724.03,1,0,1.92,0.77,0.07,11,82,0
796.06,0,0,6.15,0.71,0.38,13,74,0
3575.33,0,0,7.45,0.53,0.45,8,96,0
9046.88,0,0,7.26,0.82,0.81,11,60,1
996.1,0,0,9.7,0.71,0.12,4,36,0
38589.02,1,0,6.48,0.08,0.84,6,8,1
25733.82,0,0,5.9,0.78,0.99,15,30,1
39702.26,0,1,6.44,0.87,0.95,22,2,1
43360.36,1,1,5.0,0.17,0.71,7,8,1
22117.36,0,1,1.35,0.91,0.87,6,61,1
8938.36,0,0,5.71,0.43,0.32,23,74,0
16833.38,0,0,1.72,0.17,0.08,20,32,0
37674.01,1,0,4.73,0.66,0.84,10,72,0
24536.23,1,1,3.55,0.9,0.5,23,88,1
18152.32,0,0,7.07,0.67,0.97,16,13,0
22496.7,0,0,6.92,0.63,0.56,17,29,0
14758.72,0,0,1.69,0.37,0.36,23,86,0
42641.68,0,0,9.76,0.37,0.62,18,6,0
38358.59,1,0,1.84,0.11,0.6,7,92,0
42932.83,1,0,9.32,0.6,0.56,6,28,1
10543.46,0,0,5.15,0.41,0.48,18,43,0
17578.59,0,0,0.57,0.79,0.59,15,40,0
7578.15,0,0,2.36,0.06,0.17,3,39,0
5932.25,1,0,1.39,0.24,0.61,7,24,0
43135.46,1,0,4.56,0.07,0.66,14,78,0
13575.92,0,0,4.22,0.22,0.7,13,13,0
42947.74,0,0,6.77,0.16,0.71,22,12,0
47254.74,0,0,3.88,0.96,0.36,22,44,0
45084.14,0,1,9.96,0.29,0.46,14,79,1
48206.3,0,0,0.65,0.1,0.91,21,96,0
39119.44,0,0,4.95,0.15,0.45,3,12,0
1875.55,0,0,0.28,0.94,0.13,7,80,0
23485.72,1,0,9.78,0.99,0.58,6,64,1
15873.63,0,0,2.88,0.97,0.2,5,28,0
5905.79,0,1,9.24,0.89,0.48,6,41,0
2514.95,0,0,4.89,0.3,0.39,12,50,0
24507.79,1,0,1.17,0.51,0.71,3,20,1
34034.3,0,1,0.28,0.58,0.8,9,46,0
8914.49,0,1,7.37,0.68,0.83,5,29,1
42980.71,0,0,8.18,0.81,0.85,11,14,1
47985.35,0,0,1.75,0.99,0.58,9,62,0
14481.31,0,0,4.25,0.97,0.7,19,42,0
27147.46,1,1,4.54,0.31,0.42,21,93,1
14414.66,0,1,0.79,0.69,0.21,4,8,0
3171.0,0,0,8.86,0.26,0.49,22,22,1
38821.24,1,0,3.17,0.19,0.75,23,30,0
32807.13,0,1,0.76,0.4,0.43,14,25,0
24904.76,1,1,8.81,0.51,0.65,8,55,1
32048.52,1,0,9.12,0.99,0.15,13,71,1
49058.45,1,0,6.48,0.15,0.85,2,17,1
1118.04,0,0,8.64,0.32,0.7,14,21,0
44740.43,0,1,8.12,0.58,0.95,14,10,1
30252.55,1,0,2.83,0.3,0.56,1,36,0
46367.6,0,0,6.55,0.78,0.96,11,77,1
5693.72,0,0,8.98,0.43,0.96,1,34,0
48691.65,0,1,9.32,0.96,0.06,14,86,0
12685.93,1,1,1.45,0.52,0.25,6,54,0
16342.62,0,0,5.38,0.19,0.06,12,42,0
8892.1,0,0,5.9,0.35,0.13,4,38,0
9484.12,0,0,2.71,0.06,0.54,16,89,0
48147.24,0,0,5.78,0.93,0.84,5,56,1
32442.52,1,1,8.65,0.69,0.25,4,97,1
25353.55,1,1,7.45,0.85,0.11,11,91,1
44179.15,0,0,7.56,0.26,0.42,11,43,1
36248.67,0,0,3.62,0.32,0.22,7,73,0
12678.29,0,0,9.82,0.42,0.13,7,12,0
29578.61,0,0,4.38,0.1,0.54,19,35,0
5281.59,0,0,6.14,0.24,0.29,13,27,0
47895.98,1,0,3.34,0.25,0.52,14,93,0
33601.26,0,1,1.73,0.81,0.8,12,84,1
19988.11,0,0,2.71,0.58,0.44,22,5,0
6405.87,1,0,7.75,0.37,0.19,19,25,0
8261.4,0,0,0.26,0.16,0.23,2,95,0
17142.15,1,0,6.31,0.39,0.36,23,65,0
25066.65,0,0,7.67,0.52,0.37,6,49,0
27652.83,1,0,2.27,0.55,0.2,15,44,0
30306.65,0,0,6.24,0.33,0.13,14,35,0
15770.8,0,0,6.31,0.34,0.97,22,53,0
6922.44,0,0,5.39,0.85,0.6,18,75,0
32805.24,0,0,6.7,0.34,0.33,7,29,0
39188.5,0,0,5.64,0.06,0.13,3,17,0
9352.05,0,1,6.56,0.11,0.55,12,54,0
7293.97,1,0,9.95,0.45,0.63,13,93,0
25336.54,1,1,6.19,0.06,0.71,7,2,1
22656.98,0,0,7.19,0.26,0.14,6,74,0
28052.58,0,0,9.16,0.21,0.83,12,88,0
1805.36,0,1,6.93,0.74,0.71,14,3,1
5073.23,0,1,9.81,0.52,0.06,8,62,0
16171.82,0,0,9.44,0.4,0.92,3,83,0
18241.55,0,1,6.91,0.16,0.19,17,1,0
9865.82,0,1,0.29,0.84,0.19,11,12,0
28585.57,0,0,6.19,0.84,0.2,16,86,0
29662.79,1,0,1.17,0.45,0.74,5,62,0
10381.82,0,0,0.72,0.7,0.4,11,78,0
48222.73,0,0,8.12,0.3,0.25,4,94,0
49355.41,0,0,4.05,0.21,0.77,5,36,0
43768.54,0,0,2.22,0.37,0.8,14,94,0
31953.25,0,1,7.77,0.81,0.56,15,37,1
21335.61,0,0,6.12,0.42,0.3,0,99,0
32305.39,0,0,2.7,0.77,0.78,9,10,0
30634.01,0,0,8.37,0.7,0.54,2,0,1
32151.75,0,0,6.29,0.14,0.95,12,16,0
18759.0,0,0,0.51,0.29,0.71,14,33,0
28003.38,0,0,1.7,0.16,0.77,23,77,0
22968.33,0,1,0.99,0.78,0.64,13,98,0
32981.25,0,1,4.9,0.34,0.54,1,67,0
40417.49,0,0,0.51,0.32,0.28,18,8,0
1184.77,0,0,5.81,0.72,0.65,0,95,0
6999.44,0,0,4.23,0.68,0.52,20,93,0
21674.56,1,1,3.15,0.16,0.85,7,14,1
47534.64,1,0,2.28,0.24,0.93,20,87,0
38766.68,0,0,4.7,0.29,0.53,14,8,0
42897.25,0,0,1.16,0.68,0.84,1,47,0
26210.6,0,1,7.08,0.76,0.8,2,64,1
22111.7,1,0,8.55,0.81,0.09,23,17,1
5193.54,0,1,1.29,0.48,0.92,22,21,0
18972.0,0,0,3.31,0.73,0.18,1,23,0
7321.06,1,0,7.2,0.95,0.55,6,46,0
23105.58,0,0,6.07,0.99,0.94,11,46,1
44467.61,0,0,8.96,0.42,0.96,9,58,0
34494.16,1,0,5.4,0.71,0.7,9,45,1
29377.9,1,0,7.95,0.39,0.94,9,68,1
1664.94,0,0,4.26,0.53,0.11,1,65,0
39246.83,0,0,8.2,0.66,0.34,9,46,0
30287.01,0,0,9.1,0.66,0.78,7,16,0
48004.59,1,1,1.8,0.31,0.32,6,4,1
1611.63,1,0,6.05,0.57,0.61,15,7,0
527.6,0,0,1.76,0.22,0.69,8,61,0
49589.77,0,0,9.84,0.84,0.5,19,9,0
40508.45,1,0,7.41,0.96,0.69,0,73,1
47286.92,0,0,4.82,0.94,0.12,17,66,0
34378.93,1,0,9.1,0.94,0.11,2,50,1
1270.61,0,0,9.12,0.85,0.17,9,98,0
19687.06,0,1,4.57,0.53,0.54,11,90,0
36867.16,0,0,9.29,0.48,0.75,10,39,0
1042.16,0,0,6.93,0.37,0.71,2,46,0
35226.4,0,1,4.94,0.48,0.24,7,59,0
31713.41,0,0,7.73,0.36,0.28,18,26,0
38765.43,0,0,5.12,0.7,0.65,15,16,0
2333.1,0,0,1.55,0.32,0.34,4,6,0
33218.85,0,0,3.43,0.33,0.56,14,35,0
4081.48,0,1,7.24,0.13,0.85,3,28,1
30586.23,1,0,2.29,0.54,0.57,17,32,0
28297.18,1,1,8.77,0.81,0.95,3,32,1
13329.65,0,1,5.1,0.76,0.18,1,11,1
44045.36,0,0,3.54,0.73,0.58,9,51,0
30148.22,0,0,9.48,0.39,0.29,21,15,0
30849.59,0,0,9.43,0.77,0.25,13,37,0
40502.75,0,0,4.47,0.73,0.42,4,92,0
31670.58,1,0,4.66,0.69,0.56,8,2,0
3009.03,1,0,8.65,0.67,0.86,15,74,0
17452.12,1,0,0.87,0.8,0.84,11,21,0
42731.86,0,0,8.32,0.45,0.23,18,49,0
26613.41,1,0,5.86,0.79,0.23,14,76,1
38921.42,0,0,6.57,0.93,0.1,16,26,0
49323.74,1,0,0.57,0.89,0.82,12,9,1
17022.63,0,0,7.22,0.14,0.65,6,26,0
27026.83,0,0,4.02,0.22,0.85,16,30,0
8440.0,0,0,5.39,0.24,0.53,21,56,0
2726.84,0,0,8.98,0.66,0.78,5,5,0
25921.3,1,0,5.87,0.43,0.95,20,59,1
14341.72,1,0,8.3,0.83,0.23,10,53,0
14944.88,0,0,2.38,0.05,0.73,13,5,0
5313.67,0,0,4.81,0.09,0.97,17,52,0
7630.71,1,1,2.9,0.47,0.39,9,24,0
41277.13,0,1,0.85,0.68,0.48,3,67,0
22936.52,0,0,7.24,0.32,0.84,15,21,0
36282.15,0,0,3.23,0.61,0.66,6,50,0
3984.17,0,0,6.74,0.2,0.06,15,34,0
5407.77,0,0,4.38,0.53,0.66,19,87,0
35550.19,0,1,5.76,0.6,0.25,10,38,1
23289.77,0,0,9.51,0.98,0.57,13,37,0
9054.32,0,0,5.92,0.11,0.96,15,81,0
34940.95,0,0,4.75,0.73,0.55,19,12,0
30558.65,1,0,0.84,0.49,0.9,1,56,1
47458.56,0,1,3.7,0.85,0.45,18,74,0
31748.73,1,0,5.97,0.23,0.38,22,91,1
23506.11,0,0,1.54,0.08,0.5,7,18,0
5872.19,1,0,6.41,0.66,0.84,9,83,0
25287.24,0,0,8.34,0.12,0.71,20,93,0
19020.13,0,0,8.92,0.52,0.83,17,0,0
5209.48,0,0,3.86,0.37,0.73,16,29,0
2637.61,0,0,5.52,0.19,0.18,17,57,0
40229.73,0,0,3.62,0.8,0.53,7,5,0
36975.7,0,0,3.82,0.52,0.38,23,12,0
45482.09,0,0,2.36,0.52,0.39,14,49,0
1227.96,0,0,8.61,0.49,0.43,22,26,0
49136.14,1,0,9.39,0.74,0.23,20,93,1
3668.0,0,0,3.93,0.36,0.62,21,80,0
2474.4,0,0,6.98,0.15,0.68,22,73,0
10025.95,1,0,4.43,0.07,0.51,16,39,0
16150.96,0,0,6.76,0.79,0.55,6,92,0
10110.76,0,0,2.57,0.26,0.54,14,52,0
9858.98,0,1,5.65,0.29,0.3,8,87,0
15341.67,1,0,2.27,0.72,0.79,18,69,0
34933.91,0,0,4.04,0.6,0.95,6,19,0
16513.1,0,0,3.2,0.83,0.58,17,95,0
14972.32,0,1,9.68,0.47,0.42,17,77,0
21402.58,0,0,7.46,0.56,0.82,0,6,1
10828.74,1,1,3.53,0.21,0.05,16,9,0
25048.87,0,0,6.51,0.45,0.19,17,5,0
10832.75,0,0,7.21,0.78,0.49,17,4,0
13105.61,0,0,5.59,0.6,0.17,3,11,0
13487.28,1,0,8.4,0.46,0.74,10,72,0
15657.7,0,0,0.43,0.86,0.7,15,62,0
34429.35,1,0,0.46,0.94,0.38,3,1,1
24643.66,1,0,2.77,0.28,0.99,15,8,0
28818.46,1,0,9.71,0.95,0.89,10,7,1
31739.35,1,1,1.89,0.78,0.37,20,18,1
26716.41,0,0,0.45,0.44,0.15,4,43,0
2158.39,0,0,1.05,0.68,0.66,7,31,0
156.46,0,0,5.89,0.09,0.51,19,37,0
43460.67,1,0,1.44,0.28,0.79,23,3,1
23373.04,0,0,3.12,0.29,0.61,17,42,0
13051.66,0,0,0.92,0.33,0.88,6,75,0
1205.62,0,0,6.52,0.74,0.87,21,15,0
49723.06,1,1,5.79,0.43,0.4,1,55,1
12533.81,1,0,9.17,0.1,0.2,15,85,0
6005.43,1,0,4.15,0.83,0.7,0,80,0
4327.96,0,0,0.53,0.91,0.55,11,70,0
41941.2,1,1,4.88,0.37,0.2,4,32,1
28022.78,0,1,7.31,0.66,0.37,6,76,1
14477.44,1,0,7.15,0.6,0.21,12,86,0
3002.57,0,0,5.59,0.45,0.59,21,68,0
10939.48,1,0,2.86,0.22,0.57,15,60,0
10097.51,1,1,7.51,0.8,0.97,8,25,1
41563.03,0,0,3.79,0.19,0.58,5,66,0
42263.02,0,0,0.4,0.36,0.91,5,71,0
30359.85,0,1,1.31,0.25,0.08,17,47,0
13963.86,1,0,6.18,0.56,0.14,1,0,1
41777.94,1,1,1.12,0.27,0.05,22,78,1
39367.71,0,0,8.26,0.69,0.24,23,23,0
33100.77,0,0,3.38,0.31,0.54,1,93,0
33668.41,0,0,1.75,0.38,0.75,22,36,0
39606.64,1,0,7.72,0.86,0.05,20,65,1
37506.33,0,0,9.76,0.96,0.11,4,70,1
9393.62,0,1,9.51,0.65,0.39,19,38,0
15668.87,1,1,5.63,0.36,0.33,13,34,1
16324.13,0,1,1.33,0.86,0.9,17,56,0
19934.65,0,0,3.4,0.22,0.63,18,30,0
15921.95,1,0,0.63,0.77,0.72,16,71,0
24545.7,0,0,4.23,0.58,0.46,13,93,0
30245.03,1,1,5.96,0.06,0.08,15,12,1
44650.52,0,0,0.15,0.99,0.88,12,96,1
47973.05,0,0,7.72,0.87,0.54,16,64,0
11322.35,0,0,6.23,0.27,0.05,18,3,0
44647.85,1,0,4.71,0.54,0.18,12,53,0
26385.77,0,0,0.47,0.6,0.27,14,44,0
32726.12,0,0,5.09,0.9,0.94,4,53,1
4428.71,0,0,5.28,0.65,0.6,14,96,1
45450.32,0,0,7.22,0.78,0.45,5,77,0
30940.38,0,0,6.54,0.35,0.38,11,72,0
48931.06,1,0,2.73,0.34,0.31,17,22,0
30916.11,1,0,7.06,0.26,0.3,8,34,1
16048.94,0,0,0.45,0.72,0.52,13,65,0
8667.53,0,0,1.03,0.77,0.07,0,79,0
44544.27,1,0,8.23,0.52,0.85,5,27,1
21796.6,0,0,4.46,0.17,0.51,23,83,0
33964.61,0,0,2.95,0.92,0.87,12,92,0
3650.65,1,1,8.56,0.85,0.51,6,14,1
23926.65,0,0,5.43,0.29,0.4,2,16,0
6642.95,0,1,8.3,0.44,0.54,23,48,1
20980.49,0,0,4.63,0.54,0.18,8,76,0
12196.7,0,0,7.65,0.46,0.65,7,65,0
33997.9,0,0,3.82,0.66,0.52,18,46,0
43747.63,0,0,6.34,0.34,0.07,7,47,0
23099.95,1,1,6.71,0.28,0.73,10,98,1
10668.78,1,0,9.62,0.74,0.66,14,87,0
23957.04,0,1,6.84,0.9,0.9,22,28,1
31163.54,0,0,1.0,0.69,0.74,23,92,0
13093.83,0,0,7.1,0.8,0.23,11,19,0
25678.29,0,1,4.79,0.81,0.6,18,17,0
21011.83,0,0,2.81,0.53,0.37,18,5,0
25545.63,0,0,1.08,0.85,0.93,20,96,0
46314.52,1,1,6.7,0.27,0.9,13,74,1
10731.72,0,0,5.19,0.73,0.93,19,98,0
47723.03,1,0,3.67,0.82,0.63,18,68,0
35979.76,0,0,5.88,0.1,0.62,21,91,0
29291.09,1,0,7.51,0.68,0.99,7,68,0
8285.13,1,0,0.69,0.67,0.89,11,65,0
41063.39,1,0,1.63,0.29,0.75,10,23,0
14035.34,0,0,7.16,0.05,0.09,12,89,0
20927.62,0,1,2.01,0.42,0.94,23,97,0
27779.21,0,0,4.29,0.81,0.29,15,48,0
39348.79,1,0,8.14,0.34,0.57,17,93,1
30710.93,0,0,0.48,0.19,0.92,13,5,0
39047.98,0,0,7.42,0.97,0.48,3,63,1
48755.94,1,0,0.18,0.52,0.55,0,54,0
14305.25,1,0,3.24,0.64,0.67,7,37,0
7919.79,1,0,0.67,0.79,0.41,13,37,0
22458.95,0,0,8.1,0.17,0.97,5,40,0
9227.91,0,0,6.37,0.1,0.28,18,11,0
2576.27,1,0,4.4,0.38,0.07,15,84,0
48782.69,1,1,8.88,0.56,0.66,7,97,1
37300.6,0,0,5.08,0.52,0.21,11,56,0
8026.75,0,1,1.62,0.31,0.61,17,39,0
7783.31,1,0,2.45,0.32,0.94,3,44,0
34920.07,0,0,5.64,0.23,0.48,3,73,0
16436.1,1,1,3.3,0.85,0.15,4,67,1
7722.25,0,0,4.77,0.91,0.4,23,58,1
25086.67,0,0,6.97,0.77,0.86,1,55,1
13406.14,1,0,6.8,0.5,0.99,17,11,0
47629.32,1,1,8.16,0.49,0.29,5,40,1
8493.86,0,0,0.3,0.07,0.54,2,54,0
47112.91,0,0,0.62,0.46,0.64,13,55,0
34163.98,0,0,9.11,0.36,0.52,15,18,0
37412.25,0,0,0.92,0.63,0.15,7,41,0
40746.23,0,0,0.35,0.81,0.62,2,90,0
8410.62,0,0,3.05,0.08,0.09,18,53,0
36982.32,0,0,4.37,0.48,0.54,15,62,0
13747.79,0,0,3.34,0.47,0.66,0,68,0
31051.91,0,0,7.09,0.56,0.69,5,67,0
21670.34,0,0,5.87,0.12,0.9,20,37,0
37444.98,1,1,0.64,0.62,0.46,16,17,1
28176.44,0,0,6.16,0.75,0.78,0,57,1
20532.59,1,1,3.04,0.2,0.46,19,18,1
28828.39,0,0,5.15,0.15,0.87,17,19,0
540.71,0,1,5.26,1.0,0.55,14,76,0
46433.25,0,0,8.47,0.33,0.39,20,55,0
45058.08,1,1,1.36,0.83,0.44,6,7,1
23666.82,0,0,3.29,0.12,0.9,14,93,0
38860.74,0,0,2.61,0.87,0.72,19,99,0
4644.2,0,0,2.16,0.68,0.92,14,31,0
10466.69,0,1,7.51,0.88,0.56,18,90,0
46530.83,0,1,4.03,0.25,0.92,17,88,0
24929.0,0,0,5.77,0.07,0.43,16,85,0
26307.59,0,0,5.6,0.76,0.26,4,1,1
18264.97,1,0,7.58,0.76,0.3,0,49,1
44725.71,0,1,2.22,0.12,0.9,18,88,0
49630.23,0,1,8.29,0.85,0.59,4,51,1
9122.84,0,0,7.33,0.84,0.73,16,77,0
22275.25,0,0,0.13,0.28,0.72,22,70,0
45453.48,0,0,1.9,0.06,0.78,18,62,0
30746.72,0,0,4.81,0.96,0.28,21,80,0
5290.22,0,0,8.48,0.34,0.99,9,1,0
47759.42,0,1,8.11,0.97,0.5,13,88,1
6736.63,0,0,2.71,0.11,0.4,18,33,0
36418.92,0,0,3.24,0.76,0.18,23,77,0
17721.58,1,0,3.72,0.95,0.36,9,60,0
49842.76,0,1,1.74,0.74,0.55,0,67,1
27686.23,0,0,1.54,0.81,0.86,12,23,0
24371.81,0,0,1.74,0.79,0.27,7,55,0
22632.16,0,1,8.69,0.48,0.06,21,41,1
30349.06,0,0,1.63,0.66,0.22,13,18,0
17020.47,1,0,4.14,0.72,0.27,18,70,0
32324.94,0,1,2.33,1.0,0.52,4,36,1
208.99,1,0,6.71,0.82,0.21,11,41,0
24742.41,0,0,3.24,0.39,0.69,13,72,0
539.86,1,0,7.89,0.37,0.83,10,0,1
8751.32,0,0,3.55,0.78,0.14,20,69,0
26331.73,1,0,6.61,0.11,0.21,15,37,1
27015.03,1,0,3.63,0.29,0.29,22,74,0
31809.31,0,0,7.25,0.68,0.18,18,67,0
5427.14,1,0,5.12,0.38,0.23,5,18,0
11524.22,0,0,2.63,0.53,0.97,14,6,0
44507.56,0,0,8.56,0.5,0.88,18,68,0
6527.77,1,0,8.9,0.94,0.1,17,60,0
18810.73,0,0,2.88,0.58,0.72,3,78,0
27882.76,0,0,1.25,0.69,0.46,17,17,0
37699.84,0,0,0.75,0.64,0.61,11,97,0
45520.06,0,0,5.48,0.15,0.94,18,17,0
4130.88,0,0,5.19,0.71,0.1,3,96,0
40979.61,0,1,1.01,0.84,0.39,15,32,0
15207.1,0,0,9.56,0.81,0.68,9,86,0
39629.24,0,0,1.69,0.67,0.93,10,54,0
385.47,0,0,8.91,0.87,0.12,17,9,0
24809.06,0,0,7.2,0.62,0.36,11,76,0
20780.95,0,1,8.07,0.27,0.29,19,54,1
14906.2,0,0,9.7,0.1,0.61,15,35,0
1111.97,0,0,3.18,0.35,0.37,2,10,0
3000.88,1,0,10.0,0.21,0.78,19,91,0
1727.95,1,1,1.71,0.44,0.84,1,17,1
19799.9,1,1,9.27,0.41,0.21,17,37,1
32908.96,0,0,9.47,0.28,0.68,23,51,0
15916.49,1,0,7.61,0.58,0.34,7,55,0
1985.37,0,1,6.82,0.68,0.63,8,14,0
24065.32,1,0,9.27,0.71,0.29,5,82,1
45884.15,0,0,2.3,0.57,0.18,22,66,0
33827.01,1,0,2.48,0.88,0.43,6,9,0
43046.53,0,0,8.93,0.08,0.9,22,94,0
33325.88,0,0,0.44,0.85,0.49,0,69,0
35370.29,0,0,0.26,0.45,0.13,12,91,0
13439.74,0,0,0.78,0.97,0.89,23,33,0
23110.97,0,0,7.75,0.21,0.78,12,92,0
27013.48,1,0,6.0,0.48,0.45,7,4,1
18676.75,0,0,2.79,0.73,0.1,14,24,0
4184.89,0,0,5.57,0.39,0.97,1,89,0
22241.39,1,0,5.52,0.76,0.26,11,34,1
16544.15,0,0,7.21,0.42,0.91,1,18,0
22574.46,0,1,7.97,0.09,0.37,2,14,1
15794.43,1,1,7.34,0.99,0.31,19,23,1
38354.47,0,0,1.13,0.8,0.56,9,96,0
26020.21,0,1,9.54,0.45,0.21,23,43,1
20222.7,1,1,1.24,0.96,0.4,20,59,1
1834.03,1,0,6.47,0.91,0.53,0,85,1
43319.82,1,1,9.41,0.41,0.47,23,95,1
49300.12,1,1,2.24,0.78,0.07,16,33,1
8082.15,0,0,8.14,0.2,0.75,14,18,0
41618.83,0,1,1.88,0.68,0.69,15,86,0
16305.06,1,0,3.36,0.56,0.11,20,50,0
24342.45,0,1,7.21,0.95,0.71,9,41,1
27770.18,0,1,6.46,0.08,0.74,8,99,1
39799.45,0,0,9.9,0.14,0.68,21,54,0
32040.51,0,0,2.15,0.64,0.17,5,46,0
41778.75,0,0,9.42,0.27,0.42,0,85,0
49399.97,0,0,2.63,0.16,0.92,21,52,0
9111.75,0,0,8.37,0.33,0.1,15,20,0
21428.4,1,0,4.33,0.15,0.52,7,54,0
21236.93,1,1,2.74,0.47,0.81,16,64,1
5618.26,0,0,5.15,0.55,0.88,17,98,0
1063.99,0,0,3.5,0.68,0.27,5,42,0
48141.49,0,0,6.0,0.97,0.98,16,38,1
16492.6,1,0,3.83,0.9,0.31,18,7,0
15200.85,0,0,7.29,0.9,0.69,13,53,0
44089.07,0,0,7.65,0.68,0.28,12,34,0
30251.55,1,0,2.7,0.28,0.97,5,60,0
43998.05,0,1,3.49,0.47,0.72,21,52,0
15965.17,0,0,0.52,0.06,0.49,16,6,0
33250.78,0,0,2.06,0.57,0.16,13,19,0
14850.4,1,1,4.79,0.81,0.75,4,15,1
3022.28,0,1,7.34,0.68,0.17,16,65,0
43044.03,0,0,0.29,0.72,0.65,2,16,0
41862.52,0,1,1.49,0.89,0.74,16,27,1
28334.32,0,0,8.61,0.43,0.43,7,75,0
19214.98,1,0,9.52,0.95,0.19,20,60,0
43147.44,0,0,2.81,0.62,0.81,22,78,0
39123.51,1,0,0.47,0.39,0.07,10,21,1
37648.35,1,0,5.62,0.29,0.18,7,49,1
28930.38,0,0,1.44,0.31,0.23,2,28,0
35429.77,1,0,3.2,0.41,0.07,20,0,0
24123.62,0,1,9.9,0.44,0.06,11,73,1
32661.09,0,0,2.61,0.78,0.7,19,39,0
7448.96,0,1,4.27,0.85,0.61,4,72,0
25348.57,0,0,4.23,0.12,0.14,16,23,0
34185.7,0,0,2.98,0.3,0.77,0,45,0
22368.49,0,0,5.99,0.61,0.7,4,61,1
9720.81,0,1,4.7,0.83,0.53,14,62,0
46528.13,1,0,3.03,0.57,0.26,2,80,0
24262.23,1,1,4.2,0.07,0.87,9,31,1
13949.58,0,0,6.52,0.4,0.27,11,97,0
28091.73,0,0,3.26,0.42,0.32,16,86,0
13196.77,0,1,4.08,0.84,0.2,8,78,0
27060.68,0,0,9.88,0.79,0.6,16,14,0
20948.8,0,0,5.47,0.89,0.69,9,93,0
38079.42,0,1,3.01,0.44,0.8,9,75,0
48260.52,0,0,4.64,0.71,1.0,19,14,0
17111.73,0,1,8.85,0.2,0.37,6,22,0
2198.04,0,1,3.88,0.75,0.65,6,70,0
7138.88,1,1,6.89,0.07,0.26,1,49,1
28562.27,1,0,8.4,0.58,0.71,11,9,1
4275.68,1,0,3.99,0.86,0.91,17,38,0
29745.82,1,1,1.3,0.82,0.51,0,49,1
30678.75,0,0,8.67,0.59,0.73,8,44,0
23245.33,1,0,2.31,0.37,0.52,14,20,0
20762.02,0,1,4.38,0.82,0.3,2,0,1
24823.41,0,0,2.83,0.47,0.13,6,2,0
45226.21,0,1,5.76,0.34,0.52,6,38,1
35783.77,0,0,4.2,0.09,0.8,23,39,0
23692.94,1,0,3.01,0.88,0.81,17,41,1
6623.66,0,0,3.91,0.84,0.95,1,26,0
18939.52,1,0,1.75,0.08,0.42,5,91,0
12025.43,0,1,0.35,0.8,0.36,17,95,0
7068.15,0,0,0.75,0.1,0.16,12,9,0
38051.85,0,0,4.24,0.93,0.92,22,74,0
34988.95,0,1,6.97,0.78,0.84,0,31,1
41140.31,0,1,8.88,0.07,0.41,9,35,1
33950.17,0,0,3.87,0.53,0.95,3,49,0
2812.87,0,0,8.16,0.41,0.56,8,45,0
39109.12,0,0,8.35,0.7,0.07,16,76,0
7309.34,0,1,0.47,0.26,0.34,16,2,0
26751.67,0,0,2.44,0.53,0.31,5,43,0
36490.39,0,0,2.87,0.59,0.78,19,8,0
2342.28,0,0,1.88,0.97,0.57,2,70,0
5420.3,0,0,6.4,0.95,1.0,22,96,0
29990.73,1,0,6.93,0.44,0.25,0,54,1
6819.49,0,0,1.73,0.77,0.77,19,73,0
1037.34,1,0,8.24,0.58,0.3,10,33,0
24884.2,0,0,9.05,0.81,0.31,19,28,0
41686.23,1,0,7.71,0.61,0.34,19,0,0
2011.54,0,1,0.7,0.89,0.73,11,44,0
21523.07,1,0,9.37,0.87,0.37,14,5,1
47218.43,0,0,8.18,0.88,0.66,15,34,0
12923.6,0,0,0.32,0.06,0.15,13,33,0
11138.95,1,0,1.36,0.57,0.87,11,22,0
14874.5,0,0,7.31,0.68,0.88,0,19,0
28988.93,0,0,8.2,0.06,0.99,6,58,0
23565.42,1,0,4.82,0.18,0.43,16,91,0
18245.02,0,1,9.95,0.16,0.74,23,99,0
35144.7,1,0,7.59,0.46,0.58,22,65,1
11177.55,0,0,5.75,0.14,0.46,3,86,0
9505.55,1,0,2.5,0.28,0.88,22,57,0
39369.34,0,1,8.41,0.75,0.88,4,64,1
42198.25,0,0,6.2,0.46,0.46,15,62,0
3245.38,1,1,3.21,0.97,0.32,15,31,0
47711.12,1,0,4.13,0.59,0.8,23,88,0
45539.56,0,1,9.39,0.8,0.17,3,87,1
1140.18,0,0,9.87,0.43,0.37,7,43,0
41297.87,1,1,4.32,0.65,0.86,8,43,1
403.56,0,0,8.51,0.96,0.96,0,33,0
30025.24,0,0,0.74,0.81,0.28,12,2,0
24082.97,0,1,6.95,0.68,0.55,11,38,1
47870.11,1,0,2.35,0.15,0.44,20,74,0
10237.38,1,1,9.89,0.88,1.0,11,86,1
42128.25,1,0,1.07,0.98,0.33,9,48,0
16244.14,1,0,5.23,0.76,0.82,23,6,1
22056.32,0,0,5.23,0.72,0.9,21,75,1
6533.97,0,1,9.25,0.83,0.37,12,13,0
27502.87,1,1,1.4,0.1,0.71,1,2,1
42332.8,0,1,5.16,0.92,0.97,4,26,1
15556.95,0,0,4.58,0.88,0.15,16,52,0
37614.77,0,0,3.93,0.64,0.2,11,65,0
22432.36,1,0,2.82,0.18,0.05,19,26,0
5447.12,0,0,2.83,0.22,0.79,3,4,0
34271.7,1,0,4.12,0.08,0.97,6,49,0
46935.58,0,0,0.89,0.28,0.78,2,39,0
46405.66,0,1,4.54,0.98,0.96,21,61,1
44307.59,1,0,6.28,0.12,0.84,1,13,1
16516.89,1,0,8.08,0.33,0.53,13,65,0
28302.15,0,0,5.07,0.37,0.77,14,36,0
43854.7,0,0,8.53,0.58,0.25,1,31,0
17950.07,1,0,7.29,0.14,0.43,15,2,0
40442.17,0,0,3.37,0.67,0.77,8,45,0
25542.72,1,0,1.33,0.59,0.95,4,34,1
28977.16,0,1,4.34,0.36,0.98,5,6,0
16219.87,0,0,1.58,0.96,0.43,11,87,0
33131.28,0,0,0.42,0.61,0.58,17,23,0
3809.11,0,0,5.71,0.63,0.57,8,5,0
38649.49,0,0,8.64,0.38,0.37,16,35,1
2584.53,0,0,0.39,0.16,0.46,14,59,0
14535.19,1,0,9.69,0.96,0.78,3,38,1
35384.09,1,0,3.52,0.77,0.45,13,74,0
22747.28,0,1,3.34,0.93,0.31,4,82,1
33546.16,0,0,2.8,0.31,0.16,5,61,0
1876.7,1,0,1.1,0.61,0.48,20,20,0
23741.79,0,0,0.25,0.17,0.29,16,20,0
46171.79,0,1,2.23,0.36,0.54,14,81,0
41942.89,0,0,9.47,0.28,0.81,3,12,1
18907.06,0,0,2.84,0.15,0.12,23,47,0
41892.21,0,0,3.98,0.54,0.82,3,84,0
44526.69,0,0,0.82,0.73,0.72,0,51,0
3044.27,1,0,2.64,0.1,0.97,3,71,0
40303.67,0,0,6.83,0.35,0.8,4,27,1
48774.37,1,1,9.34,0.9,0.79,16,30,1
13311.88,0,0,8.63,0.52,0.17,14,89,0
5168.57,0,0,0.83,0.24,0.51,2,16,0
24326.24,0,0,5.55,0.31,0.63,18,99,0
16196.66,0,0,6.09,0.64,0.55,1,71,0
2053.61,1,0,6.77,0.18,0.89,23,5,0
4206.45,0,0,7.78,0.67,0.25,20,29,0
39894.7,0,0,5.65,0.56,0.83,11,80,0
20611.02,1,0,7.79,0.4,0.09,17,46,1
30571.07,0,1,0.87,0.93,0.72,10,5,1
19598.44,1,0,6.75,0.42,0.51,14,34,0
10774.75,0,0,7.67,0.78,0.33,21,98,0
44406.3,0,0,8.9,0.25,0.98,14,16,0
24856.47,0,1,2.14,0.35,0.34,14,43,0
13772.13,0,1,1.81,0.73,0.63,9,6,0
17625.86,0,0,2.23,0.45,0.23,4,22,0
48505.86,0,1,1.49,0.61,0.24,3,63,0
39206.78,0,1,2.03,0.63,0.99,17,53,0
47832.54,0,0,1.96,0.53,0.8,12,23,0
16246.52,0,0,4.72,0.82,0.2,4,40,0
2683.99,1,1,2.34,0.57,0.96,19,1,1
40576.7,1,0,4.69,0.79,0.37,19,8,0
30473.57,0,1,3.62,0.32,0.85,20,4,0
19890.78,0,0,9.13,0.76,0.11,2,69,0
26412.23,1,0,5.78,0.53,0.52,23,55,1
10360.91,1,0,9.59,0.3,0.7,10,48,0
33206.57,1,1,3.67,0.62,0.2,13,33,1
26956.2,0,0,3.11,0.56,0.23,18,41,0
10941.14,1,1,6.58,0.89,0.25,11,81,1
9009.79,0,1,7.18,0.71,0.57,12,4,0
7607.38,0,0,8.34,0.49,0.61,10,23,0
49300.0,0,1,5.67,0.29,0.96,14,43,1
16651.34,0,0,8.35,0.63,0.92,16,30,0
6144.81,0,0,9.98,0.71,0.34,1,35,0
39107.94,0,1,3.08,0.19,0.27,14,61,0
21300.91,0,0,7.65,0.99,0.79,21,70,1
12315.97,0,0,5.56,0.63,0.72,17,40,0
34107.58,0,0,3.81,0.31,0.13,17,21,0
19240.7,0,0,0.35,0.59,0.53,4,1,0
40239.38,0,0,1.43,0.12,0.99,19,24,0
27150.62,1,1,8.09,0.07,0.23,1,53,1
46856.78,0,0,2.58,0.13,0.43,18,29,0
13594.66,0,0,9.89,0.79,0.12,20,54,0
31701.84,1,0,4.7,0.9,0.31,12,17,0
41442.14,1,0,2.43,0.36,0.96,12,73,0
28304.07,0,0,2.01,0.56,0.86,19,83,0
44472.41,0,0,6.3,0.33,0.44,12,92,0
15388.41,0,0,7.36,0.45,0.55,19,78,0
15193.14,0,0,7.87,0.33,0.77,5,60,0
20616.93,0,0,6.7,0.9,0.32,16,14,1
6630.09,0,0,5.0,0.35,0.53,8,74,0
1841.8,0,0,1.1,0.81,0.92,19,53,0
10902.88,0,0,7.67,0.95,0.73,7,50,0
31971.08,0,0,0.85,0.08,0.71,15,79,0
27655.53,0,0,4.81,0.5,0.42,9,8,0
22613.08,0,1,8.68,0.9,0.31,23,93,1
13127.23,0,1,6.53,0.13,0.18,6,23,0
31558.05,1,1,9.41,0.24,0.34,21,72,1
24003.28,0,0,2.94,0.36,0.58,19,99,0
4872.87,0,0,8.44,0.32,0.73,8,41,0
48854.23,0,0,0.62,0.28,0.7,17,81,0
12310.62,1,0,0.79,0.1,0.11,19,94,0
42508.58,1,1,5.1,0.28,0.43,2,38,1
33478.12,0,0,3.53,0.84,0.77,9,80,0
10999.31,0,0,3.86,0.87,0.68,2,69,0
7617.92,1,0,2.31,0.17,0.47,14,5,0
26111.41,1,0,1.81,0.7,0.46,18,85,1
36729.8,0,1,7.25,0.63,0.19,19,71,1
46801.69,0,0,2.66,0.77,0.74,17,34,0
43863.66,0,0,4.62,0.36,0.2,13,6,0
33128.34,0,0,1.22,0.12,0.76,14,89,0
41880.76,0,0,0.31,0.08,0.53,20,66,0
6129.94,0,0,2.26,0.42,0.58,22,97,0
48192.38,1,0,7.37,0.95,0.13,23,6,1
29177.8,0,0,8.96,0.29,0.14,13,70,0
8863.22,0,0,1.46,0.21,0.1,4,99,0
41866.69,0,1,2.21,0.36,0.19,18,36,0
21051.49,0,0,5.5,0.65,0.94,16,97,0
41166.73,0,0,8.22,0.38,0.23,17,68,0
30744.35,0,0,1.29,0.65,0.05,20,20,0
19538.7,0,0,4.36,0.71,0.55,12,48,0
8206.76,0,0,2.03,0.76,0.31,6,2,0
12285.8,0,0,7.47,0.78,0.2,23,28,0
16250.77,0,0,2.94,0.61,0.33,16,60,0
226.12,0,0,9.62,0.46,0.54,21,95,0
27596.46,0,0,9.34,0.24,0.78,17,51,0
18837.31,0,0,1.82,0.4,0.45,11,51,0
32865.44,1,0,2.0,0.31,0.86,14,82,0
22805.05,0,0,2.86,0.95,0.89,17,11,0
25881.01,0,0,8.78,0.55,0.37,5,14,0
14643.78,0,0,8.53,0.94,0.97,18,90,0
26118.96,1,0,1.87,0.61,0.68,13,26,0
44111.18,0,0,9.59,0.46,0.64,11,16,0
27371.03,0,0,8.06,0.58,0.51,1,16,0
4289.19,0,0,9.54,0.79,0.68,9,54,0
35783.56,0,0,4.31,0.88,0.43,19,9,0
16992.9,0,1,1.55,0.91,0.32,23,89,0
39336.85,1,0,9.68,1.0,0.16,2,90,1
19439.56,0,0,5.11,0.88,0.25,13,52,0
46980.1,0,0,4.46,0.54,0.65,23,16,0
22659.9,1,0,3.45,0.68,0.73,4,53,1
3339.69,0,1,7.08,0.81,0.7,11,14,1
5613.14,1,0,5.79,0.23,0.62,5,95,0
30830.61,0,0,7.1,0.97,0.9,19,78,1
274.88,0,1,2.07,0.11,0.28,2,45,0
31254.34,0,0,9.27,0.82,0.36,12,95,0
35460.16,0,0,1.77,0.74,0.22,19,86,0
4753.68,1,0,9.09,0.95,0.06,14,51,0
1330.34,1,0,0.84,0.15,0.41,1,18,0
34676.17,1,0,0.53,0.98,0.07,19,19,0
18497.0,0,0,9.81,0.97,0.2,7,72,0
28320.39,0,0,1.89,0.96,0.66,18,47,0
13879.21,0,0,8.14,0.76,0.58,19,81,0
12180.74,0,0,8.86,0.16,0.7,20,0,0
23831.31,0,0,2.68,0.77,0.4,17,62,0
41401.2,0,0,9.54,0.85,0.45,0,14,1
41737.7,0,0,1.59,0.93,0.59,2,53,0
7102.11,0,0,3.91,0.28,0.6,21,47,0
8373.73,0,0,9.75,0.27,0.78,5,42,0
19140.64,0,0,5.34,0.89,0.95,17,99,0
13665.11,1,0,6.96,0.29,0.39,18,89,0
24251.14,1,0,0.14,0.38,0.97,21,5,0
20126.14,0,0,1.78,0.15,0.91,23,1,0
8289.31,0,0,4.67,0.24,0.34,21,52,0
38735.6,1,0,3.93,0.91,0.97,12,64,1
2374.49,0,0,4.84,0.74,0.59,13,99,0
32775.08,0,1,1.55,0.71,0.92,14,80,1
18153.8,0,1,4.0,0.93,0.86,7,93,0
1455.98,0,0,6.81,0.39,0.82,10,71,0
47657.02,0,0,1.01,0.16,0.74,22,47,0
38122.29,0,0,0.12,0.38,0.28,17,90,0
9058.46,0,1,1.49,0.56,0.61,6,50,0
5042.92,0,0,4.02,0.23,0.58,12,17,0
26652.78,0,0,8.43,0.26,0.75,4,34,1
21018.08,0,0,1.02,0.09,0.16,12,4,0
42471.92,0,1,9.55,0.96,0.85,8,37,0
3726.93,0,0,8.51,1.0,0.53,2,66,0
9376.5,0,0,5.6,0.83,0.53,6,18,0
31441.37,1,0,8.57,0.69,0.21,8,47,1
46332.38,0,0,3.2,0.68,0.85,16,15,0
21402.41,1,0,8.98,0.47,0.27,3,55,1
35832.99,0,0,0.56,0.46,0.84,8,90,0
33798.64,1,0,6.97,0.98,0.96,8,60,1
5106.52,0,0,7.29,0.69,0.37,15,15,0
29079.98,0,0,4.47,0.37,0.33,5,53,0
13360.74,0,0,0.46,0.23,0.76,18,50,0
33445.03,1,0,9.59,0.07,0.75,11,45,1
43127.36,0,0,1.81,0.62,0.73,22,74,0
27021.38,0,0,8.55,0.78,0.11,19,4,0
39529.27,1,0,0.32,0.59,0.76,1,50,1
5801.0,0,0,3.31,0.26,0.97,22,79,0
15726.74,0,0,6.81,0.89,0.27,21,45,0
35231.65,0,0,0.3,0.18,0.69,20,84,0
31853.58,0,0,2.06,0.51,0.89,15,47,0
34108.6,0,0,4.53,0.68,0.1,2,40,0
32613.79,1,0,6.83,0.67,0.09,0,92,1
37218.88,1,0,3.99,0.39,0.84,5,39,0
15490.21,0,0,4.42,0.56,0.24,15,99,0
25134.98,1,0,8.69,0.66,0.07,19,4,1
49869.32,1,0,2.65,0.41,0.39,1,83,0
15982.0,0,0,8.48,0.82,0.5,3,1,0
976.52,0,0,5.71,0.9,0.97,4,48,0
4282.04,0,0,4.37,0.47,0.34,19,59,0
9339.74,0,0,0.73,0.36,0.27,0,11,0
2842.18,0,0,4.86,0.09,0.06,14,94,1
32975.85,0,0,2.74,0.38,0.67,6,37,0
9288.09,1,0,2.23,0.09,0.18,5,36,0
23025.99,0,1,8.8,0.77,0.94,11,68,1
41834.83,0,1,7.99,0.38,0.79,14,45,1
16496.75,0,1,2.98,0.54,0.42,0,44,0
16818.95,1,1,4.41,0.41,0.76,5,61,0
11433.61,1,0,5.8,0.84,0.23,6,27,0
12759.35,0,0,0.75,0.72,0.57,7,19,0
14673.07,0,0,0.74,0.75,0.36,23,16,0
10498.42,0,0,3.07,0.55,0.49,6,73,0
23615.41,0,0,6.89,0.46,0.87,7,94,0
504.24,0,0,7.83,0.99,0.55,13,18,0
11941.98,0,1,1.76,0.3,0.47,8,3,0
18856.61,1,0,3.77,0.72,0.26,22,67,0
32381.72,0,0,9.31,0.7,0.35,5,81,0
42746.35,0,0,2.15,0.53,0.17,7,18,0
48316.06,1,0,9.47,1.0,0.95,12,72,1
35091.38,0,1,0.69,0.35,0.99,3,88,1
19744.44,0,0,2.59,0.41,0.81,21,49,0
2331.04,0,0,9.25,0.68,0.89,19,36,0
6651.21,1,1,3.55,0.16,0.72,0,78,1
44851.77,0,0,6.02,0.64,0.08,9,83,0
29249.67,1,0,4.89,0.82,0.96,6,55,1
12726.81,1,0,7.21,0.63,0.32,15,86,0
32812.74,0,0,9.95,0.43,0.66,14,97,0
38718.86,1,0,4.11,0.91,0.2,22,37,0
11827.94,0,1,8.8,0.48,0.44,10,98,0
12248.36,0,1,1.95,0.24,0.5,16,82,0
1019.87,0,0,6.87,0.27,0.45,15,55,0
44440.77,0,0,4.94,0.76,0.15,16,20,0
987.48,0,0,3.05,0.85,0.62,6,6,0
20455.98,0,0,8.94,1.0,0.22,2,53,1
7264.52,0,0,8.49,0.76,0.48,4,10,0
25685.55,0,0,5.62,0.66,0.63,1,79,0
25013.36,0,1,1.53,0.88,0.32,15,72,0
27382.17,0,0,3.88,0.35,0.86,6,48,0
9094.28,0,0,5.23,0.56,0.29,8,7,0
37922.97,1,1,9.27,0.81,0.63,12,13,0
22711.5,0,1,8.51,0.85,0.54,4,49,1
9049.73,0,1,2.98,0.8,0.52,16,61,0
49737.88,0,0,5.01,0.82,0.37,4,78,1
37818.08,0,1,4.36,0.6,0.77,1,78,1
12421.13,1,0,4.19,0.19,0.8,12,8,0
9547.75,0,0,7.89,0.35,0.13,16,31,0
43114.73,0,0,5.16,0.45,0.26,13,45,0
10677.88,0,0,9.57,0.8,0.74,12,67,0
6863.5,0,0,6.6,0.8,0.57,12,96,0
46925.1,0,0,4.55,0.87,0.17,10,81,0
28906.28,0,0,3.25,0.19,0.96,0,50,0
9278.98,0,0,4.87,0.1,0.98,23,5,0
43057.42,0,0,7.11,0.42,0.55,17,2,0
40169.3,1,1,4.11,0.59,0.8,1,34,1
49776.46,0,0,2.88,0.3,0.26,22,88,0
4329.5,1,0,2.58,0.29,0.65,1,14,0
42621.76,1,0,9.1,0.82,0.9,15,53,1
1927.92,0,0,8.91,0.34,0.46,5,41,0
13724.64,1,0,4.3,0.86,0.35,3,9,0
9221.15,1,1,3.94,0.66,0.95,20,63,0
3044.62,0,0,1.95,0.9,0.06,0,86,0
34411.31,1,0,6.28,0.96,0.84,18,87,1
36900.73,0,0,2.86,0.2,0.45,4,57,0
6338.18,0,1,9.23,0.8,0.24,20,54,0
14358.0,1,0,8.77,0.55,0.44,10,68,0
14926.15,0,1,7.27,0.69,0.81,11,58,0
16189.82,0,0,6.58,0.55,0.27,19,0,0
45371.63,0,0,4.19,0.18,0.53,22,7,0
12749.96,1,0,0.23,0.24,0.7,16,61,0
14679.62,1,0,7.0,0.62,0.17,17,46,0
8087.78,0,0,7.23,0.72,0.48,2,1,0
25864.8,0,0,7.13,0.6,0.24,19,48,0
23729.63,1,1,7.39,0.93,0.47,15,21,1
2485.77,0,0,5.62,0.23,0.09,4,27,0
37257.11,0,0,2.18,0.71,0.34,1,39,0
33985.55,1,0,8.63,0.19,0.31,10,0,1
10622.8,0,1,0.87,0.46,0.56,16,79,0
49885.04,1,1,7.89,0.97,0.72,8,18,1
20155.82,0,0,2.81,0.6,0.94,7,51,0
38484.64,1,1,9.31,0.77,0.54,2,85,1
38291.06,1,0,2.03,0.62,0.37,10,77,0
10091.02,0,1,2.66,0.32,0.96,6,82,0
42096.15,0,0,5.79,0.08,0.24,14,99,0
3720.56,0,0,5.58,0.25,0.32,21,58,0
13523.8,0,0,0.84,0.07,0.95,12,75,0
49082.37,1,1,2.62,0.78,0.3,8,22,1
47218.88,0,1,1.58,0.83,0.31,18,37,0
29317.15,0,0,0.25,0.11,0.14,2,68,0
40758.33,1,0,5.79,0.78,0.32,13,33,1
6830.25,0,0,6.31,0.12,0.23,14,3,0
3985.72,0,1,0.29,0.67,0.42,12,96,0
29475.72,0,1,4.97,0.83,0.44,17,6,0
38547.42,1,0,4.79,0.77,0.89,23,74,1
16295.14,1,0,5.5,0.22,0.38,20,87,0
7389.93,0,0,1.3,0.36,0.58,7,64,0
40051.12,1,0,1.95,0.48,0.76,3,16,1
8992.0,0,1,5.56,0.35,0.17,13,50,0
26310.54,1,1,4.41,0.44,0.4,1,67,1
7900.23,0,0,0.26,0.32,0.66,18,13,0
15205.26,0,0,1.15,0.94,0.09,12,73,0
3259.63,1,0,6.66,0.4,0.66,14,99,0
33720.16,1,0,1.23,0.67,0.32,16,21,0
20800.05,0,0,7.08,0.34,0.35,15,37,0
34372.38,0,0,7.08,0.56,0.5,10,37,0
31853.77,0,0,1.49,0.2,0.66,18,23,0
5289.38,1,0,8.42,0.84,0.68,18,62,0
33720.82,0,0,8.98,0.37,0.95,9,36,0
8604.62,0,0,0.4,0.69,0.83,11,89,0
43827.2,0,0,0.87,0.29,0.14,10,39,0
43771.84,0,0,4.39,0.49,0.97,12,19,0
31403.49,0,0,4.94,0.82,0.14,2,75,0
7766.21,1,0,5.69,0.49,0.89,21,22,0
11922.97,0,0,2.74,0.43,0.72,22,81,0
47941.29,0,1,3.95,0.16,0.13,18,19,0
12569.67,0,0,9.87,0.47,0.54,6,56,0
29976.88,0,0,7.08,0.35,0.6,4,65,0
17557.63,1,0,1.58,0.85,0.89,6,6,0
10524.48,1,1,2.52,0.14,0.47,12,18,0
8851.89,0,0,8.92,0.46,0.56,11,39,0
14520.65,1,0,8.34,0.14,0.16,15,10,0
27086.53,1,0,1.75,0.84,0.39,16,31,0
1495.8,0,0,8.23,0.71,0.71,13,63,0
37157.32,0,0,9.5,0.08,0.18,23,97,0
36917.96,0,0,9.78,0.72,0.84,22,53,1
11872.41,0,0,0.82,0.26,0.56,2,48,0
38723.64,0,0,1.31,0.46,0.46,12,44,0
44652.25,1,0,8.87,0.69,0.83,8,47,0
26308.39,1,0,6.93,0.94,0.73,9,23,0
18956.49,1,1,3.76,0.85,0.87,16,47,1
42304.84,0,0,5.44,0.68,0.75,0,78,1
40493.97,1,0,0.47,0.52,0.9,15,19,0
49131.36,1,0,6.8,0.61,0.73,3,60,1
18257.63,0,0,2.79,0.38,0.14,0,34,0
49164.55,0,1,8.45,0.95,0.8,15,35,1
47223.17,0,0,7.59,0.79,0.43,4,95,1
719.24,0,1,3.42,0.14,0.8,19,36,0
1877.93,1,0,3.05,0.19,0.84,8,6,0
40743.95,0,0,3.11,0.06,0.84,6,70,0
38107.65,0,0,6.1,0.98,0.28,11,80,0
21547.9,0,0,5.34,0.08,0.09,6,27,0
34035.06,0,0,1.19,0.63,0.47,20,50,0
27285.62,0,1,6.36,0.58,0.18,14,76,1
24694.51,0,0,0.19,0.38,0.51,23,76,0
24659.06,0,0,3.54,0.65,0.09,10,47,1
21694.27,0,0,8.06,0.89,0.29,9,53,0
20067.46,1,0,5.49,0.96,0.89,20,64,1
23713.43,1,0,3.78,0.24,0.16,13,81,0
38524.52,1,0,2.51,0.09,0.99,20,4,0
15667.38,1,0,2.23,0.89,0.99,9,59,0
43126.36,0,0,9.16,0.97,0.3,20,63,0
28070.53,0,0,6.76,0.99,0.92,0,24,1
10565.98,0,1,7.49,0.26,0.12,8,68,0
19596.06,1,0,3.53,0.48,0.76,23,20,0
2583.38,0,0,4.74,0.89,0.39,18,16,0
31567.36,1,0,1.12,0.27,0.42,17,91,0
24796.09,0,1,4.39,0.8,0.94,10,43,1
10512.51,0,0,4.06,0.39,0.84,10,84,0
26232.35,1,0,4.93,0.79,0.19,1,8,1
12049.29,1,0,3.36,0.62,0.22,15,5,0
16839.65,0,0,7.57,0.22,0.59,0,33,0
38064.3,1,0,4.13,0.52,0.56,5,87,0
2176.0,1,0,4.74,0.84,0.48,1,81,0
49253.19,1,0,4.17,0.22,0.94,3,28,1
42632.54,0,0,9.86,0.55,0.18,17,17,0
24149.02,0,0,4.25,0.79,0.39,13,56,0
29590.24,0,0,9.95,0.83,0.58,2,78,1
41768.0,1,1,4.03,0.99,0.2,19,56,1
4541.9,0,0,8.54,0.79,0.65,22,6,0
35464.34,0,1,6.8,0.71,0.56,12,26,1
48848.68,0,1,3.2,0.61,0.7,12,75,0
22243.59,0,0,8.35,0.09,0.67,8,31,0
9687.25,0,0,3.22,0.54,0.28,22,91,0
31972.3,0,0,7.6,0.64,0.8,7,20,0
44074.35,0,1,5.51,0.26,0.57,21,63,1
34905.2,0,1,6.81,0.7,0.26,23,43,1
42099.59,1,0,5.4,0.18,0.56,0,79,1
45923.31,1,0,8.77,0.25,0.65,14,79,1
2669.86,0,0,1.26,0.43,0.09,9,0,0
15441.73,0,1,3.13,0.1,0.69,23,1,0
47897.64,0,0,8.46,0.82,0.64,13,60,0
14273.36,0,1,1.81,0.59,0.61,8,93,0
45719.02,0,0,4.77,0.31,0.1,10,44,0
27569.57,0,0,1.43,0.94,0.9,1,87,0
17237.87,0,0,3.61,0.29,0.92,19,45,0
7727.23,0,0,5.6,0.15,0.97,8,65,0
7636.65,0,1,5.28,0.23,0.15,17,48,0
16936.99,0,1,2.55,0.86,0.92,22,18,0
5368.58,1,0,2.07,0.55,0.56,14,67,0
38617.42,0,0,7.27,0.07,0.59,21,90,0
20318.59,1,0,4.64,0.98,0.24,13,51,0
42985.19,1,0,5.19,0.84,0.75,1,16,1
24037.04,1,1,9.57,0.89,0.6,2,1,1
38765.01,1,0,0.96,0.93,0.48,12,59,0
31515.41,0,0,8.39,0.33,0.23,22,57,0
36554.95,1,1,9.41,0.18,0.12,12,96,1
14585.84,1,0,9.71,0.29,0.51,18,86,0
12034.92,0,0,4.52,0.39,0.07,3,91,0
41248.33,1,0,8.25,0.25,0.51,23,89,1
44536.07,0,1,4.56,0.69,0.31,3,76,0
35519.07,0,1,7.4,0.59,0.89,14,16,1
32401.29,0,0,6.86,0.9,0.35,2,58,1
20030.08,1,0,7.52,0.24,0.49,21,4,1
25251.5,0,0,8.44,0.32,0.6,15,52,0
34541.52,1,0,6.79,0.44,0.17,22,71,1
26373.58,0,0,8.85,0.24,0.83,19,73,0
34343.04,0,1,2.08,0.6,0.49,23,25,0
44496.71,0,0,9.47,0.92,0.7,12,55,1
4733.69,1,0,0.78,0.56,0.2,23,11,0
6947.14,0,0,2.13,0.73,0.82,15,32,0
25377.04,0,0,2.65,0.57,0.75,22,33,0
39113.83,0,0,3.3,0.53,0.69,21,36,0
3377.47,0,0,0.28,0.29,0.27,15,74,0
6439.96,0,0,3.44,0.12,0.95,21,99,0
41960.17,0,0,4.91,0.24,0.17,14,15,0
6963.85,1,0,4.47,0.48,0.34,3,93,0
7583.85,1,0,5.95,0.73,0.89,18,75,0
19480.82,0,0,8.79,0.15,0.42,4,5,0
21639.42,0,0,6.07,1.0,0.52,7,63,0
17392.4,1,0,8.53,0.39,0.19,22,85,0
17270.58,1,0,7.63,0.48,0.8,4,23,1
33421.03,1,1,5.84,0.28,0.43,5,90,1
28345.77,0,0,4.03,0.2,0.87,15,12,0
46046.29,0,0,5.52,0.29,0.69,0,68,0
38504.88,0,1,2.73,0.11,0.08,23,26,0
41528.6,0,1,7.01,0.4,0.22,1,17,1
5269.5,0,0,2.79,0.66,0.27,4,8,0
20361.59,0,0,6.86,0.91,0.27,16,23,0
2867.74,1,1,3.1,0.71,0.06,2,85,1
34494.79,0,0,6.66,0.78,0.48,3,20,1
2710.06,1,0,0.41,0.48,0.87,1,0,0
741.59,0,0,5.84,0.23,0.81,12,32,0
30925.25,0,1,9.34,0.26,0.63,15,54,1
11315.46,0,0,9.03,0.21,0.89,7,87,0
23755.8,1,0,5.59,0.17,0.47,14,17,1
11376.32,0,0,4.06,0.61,0.52,11,4,0
33507.98,0,0,0.67,0.23,0.58,12,89,0
44152.0,0,0,5.87,0.19,0.78,1,80,1
45176.72,0,0,8.29,0.69,0.9,20,8,0
29888.5,0,0,5.18,0.63,0.23,16,51,0
32053.33,0,1,3.49,0.3,0.99,13,97,0
1546.74,1,0,0.37,0.31,0.31,10,1,0
35562.3,1,0,4.24,0.71,1.0,4,11,1
38107.9,1,0,7.08,0.86,0.96,18,75,1
24553.12,0,0,4.37,0.97,0.7,7,29,0
22523.36,0,0,1.67,0.09,0.24,17,24,0
39327.16,0,0,7.52,0.34,0.95,22,57,0
16405.13,0,0,0.88,0.16,0.22,18,6,0
25741.48,0,0,4.29,0.54,0.25,2,20,0
3764.89,0,0,2.56,0.41,0.83,12,35,0
30342.63,0,0,0.27,0.44,0.27,3,76,0
30804.77,1,0,5.51,0.16,0.94,19,10,1
43929.16,0,1,2.17,0.33,0.23,9,25,0
41759.8,0,0,9.72,0.49,0.97,19,77,0
17508.22,1,1,1.95,0.64,0.92,18,83,0
48827.71,1,1,7.95,0.99,0.9,18,97,1
39260.38,1,0,4.29,0.11,0.82,15,80,0
18186.92,0,0,5.87,0.35,0.63,13,97,0
33569.65,0,1,5.7,0.17,0.52,19,83,1
41928.89,1,0,1.64,0.12,0.75,18,41,0
19856.68,1,1,2.41,0.79,0.64,17,94,0
17902.88,0,0,6.19,0.41,0.42,0,57,0
4452.48,1,0,4.86,0.98,0.38,20,21,0
19685.97,1,1,2.49,0.71,0.11,4,28,1
17514.61,1,0,6.36,0.98,0.88,19,68,1
27419.67,0,0,3.42,0.37,0.57,2,61,0
719.56,0,1,0.31,0.27,0.77,6,35,0
18547.37,0,1,9.81,0.07,0.57,11,40,0
13921.78,0,0,1.99,0.92,0.49,1,8,0
1753.36,0,0,0.86,0.72,0.42,22,67,0
268.6,1,1,4.01,0.59,0.27,1,46,0
705.66,0,0,9.19,0.41,0.78,0,22,0
19979.05,0,1,0.59,0.18,0.13,7,2,0
629.31,1,0,0.14,0.43,0.23,17,47,0
14077.62,1,0,4.04,0.45,0.93,3,3,0
34698.79,1,1,7.16,0.61,0.91,16,90,1
35867.15,0,0,6.36,0.55,0.35,7,73,0
27694.53,0,0,4.05,0.8,0.51,22,66,0
7729.15,1,0,9.33,0.29,0.75,10,37,1
15569.09,1,0,8.84,0.34,0.71,18,2,1
7658.96,0,0,3.62,0.36,0.7,17,29,0
35498.6,1,0,6.15,0.12,0.87,15,13,1
30791.05,1,0,7.27,0.47,0.11,15,27,1
47858.53,1,0,6.99,0.6,0.71,12,47,1
1821.24,0,1,9.5,0.06,0.24,23,9,0
24691.97,0,0,8.95,0.27,0.23,9,3,0
35172.05,1,0,9.1,0.8,0.76,22,94,0
31531.2,1,1,0.64,0.79,0.63,9,53,1
9290.61,1,0,3.94,0.69,0.51,7,56,1
19433.34,0,0,0.17,0.22,0.36,17,62,0
45971.93,0,0,3.64,0.76,0.64,12,7,0
9769.06,0,0,4.32,0.89,0.27,21,18,0
29508.49,1,0,6.51,0.27,0.58,10,72,0
43364.88,0,0,6.43,0.08,0.71,7,73,0
18778.85,0,0,0.16,0.99,0.4,17,98,0
39523.76,0,0,2.76,0.99,0.86,6,47,0
45571.13,0,0,9.03,0.32,0.67,5,21,0
14436.26,0,0,4.94,0.68,0.4,8,8,0
35301.9,1,0,1.77,0.42,0.78,14,32,0
21423.76,1,0,3.02,0.75,0.81,12,4,1
15327.96,0,0,9.3,0.61,0.17,2,24,0
47722.33,1,0,0.82,0.9,0.47,12,33,0
47988.49,0,0,0.59,0.52,0.29,8,69,0
19984.78,0,1,9.84,0.53,0.48,3,16,0
735.67,0,0,3.87,0.05,0.63,18,79,0
6438.34,0,0,6.6,0.49,0.81,18,79,0
40077.66,0,0,7.86,0.7,0.7,6,20,1
35901.93,0,0,9.97,0.98,0.56,4,70,1
49996.25,0,0,8.44,0.82,0.74,4,19,1
35942.68,0,0,5.03,0.4,0.89,21,36,0
24397.47,0,1,2.61,0.65,0.21,0,22,0
44977.92,0,0,2.12,0.44,0.56,18,38,0
30165.32,0,0,4.07,0.09,0.78,6,42,0
36482.25,0,0,9.83,0.28,0.41,12,64,0
5570.29,0,0,6.98,0.83,0.57,1,80,0
30984.23,0,0,6.88,0.24,0.83,8,23,0
49489.74,0,0,8.66,0.05,0.24,10,5,0
49291.62,0,0,1.69,0.32,0.63,5,80,0
34143.24,0,0,2.92,0.54,0.86,21,54,0
695.72,0,0,0.82,0.94,0.49,17,2,1
5459.18,1,0,4.67,0.94,0.27,14,84,0
39676.22,0,0,0.44,0.67,0.21,9,33,0
34317.77,1,0,8.82,0.56,0.86,6,46,1
37797.54,0,0,4.11,0.22,0.39,22,90,0
23798.92,0,0,0.49,0.76,0.95,13,73,0
27046.08,1,0,6.16,0.19,0.84,2,57,1
11151.28,0,0,6.22,0.68,0.96,8,66,0
49290.11,0,0,8.89,0.71,0.38,9,23,0
33364.11,0,1,4.54,0.67,0.76,19,53,0
18618.87,0,0,8.99,0.98,0.67,3,47,0
28157.85,1,0,1.22,0.65,0.75,14,95,0
21880.72,0,0,3.48,0.96,0.81,19,57,0
40569.7,0,0,3.72,0.89,0.18,4,19,0
24749.35,0,0,4.57,0.46,0.16,11,11,0
41071.82,1,0,1.22,0.1,0.63,3,11,0
18703.22,0,0,9.36,0.11,0.23,13,24,0
43412.9,1,0,0.93,0.31,0.33,3,68,0
12976.39,0,0,3.06,0.48,0.17,4,66,0
28320.04,1,0,9.42,0.9,0.6,20,12,1
16222.13,0,0,5.93,0.74,0.78,16,57,0
27862.94,0,0,2.6,0.43,0.18,4,72,0
22977.53,0,0,0.94,0.99,0.61,15,83,0
9197.43,1,0,0.54,0.1,0.91,5,77,0
32604.88,0,0,9.09,0.21,0.06,8,44,0
11246.23,0,0,3.21,0.22,0.76,16,12,0
34411.49,0,0,9.35,0.09,0.53,13,4,0
13915.84,0,0,8.92,0.09,0.12,9,25,0
18550.79,0,0,1.51,0.1,0.64,6,64,0
12258.33,1,0,0.39,0.37,0.61,2,5,0
13214.87,0,1,7.81,0.9,0.93,3,87,1
21250.51,0,1,1.63,0.87,0.36,12,95,0
14488.24,0,0,1.43,0.29,0.97,20,83,0
28343.14,1,0,6.91,0.37,0.16,21,31,1
10593.73,0,0,9.36,0.92,0.1,12,46,0
7061.07,0,0,9.46,0.13,0.25,3,91,0
3071.25,0,0,5.78,0.3,0.68,4,43,0
27289.18,0,0,7.22,0.89,0.05,15,69,0
25624.61,1,1,4.72,0.84,0.22,16,37,1
17710.85,0,1,7.48,0.59,0.34,6,21,0
35815.63,0,0,0.83,0.54,0.83,9,41,0
478.81,0,0,7.48,0.91,0.05,22,3,0
23665.95,0,1,2.3,0.5,0.11,21,73,0
19059.81,0,0,3.98,0.99,0.25,8,80,0
31142.02,0,1,1.15,0.43,0.59,5,88,0
32680.11,0,0,1.72,0.29,0.29,1,38,0
21495.2,1,0,8.24,0.97,0.42,17,91,1
1629.91,0,0,1.66,0.75,0.09,14,82,0
7670.16,0,0,7.6,0.55,0.64,0,64,1
36277.84,0,0,9.88,0.39,0.83,0,71,1
6159.99,0,0,6.92,0.12,0.24,22,75,0
3252.07,0,0,9.65,0.88,0.88,23,37,0
20791.04,1,0,1.34,0.19,0.9,4,79,1
14518.0,0,0,7.12,0.63,0.95,14,30,0
43461.71,0,0,7.05,0.47,0.32,19,2,0
42651.56,0,0,5.47,0.07,0.79,7,31,0
38935.46,1,0,5.65,0.11,0.67,3,88,1
23530.78,0,1,2.57,0.35,0.96,16,94,0
11884.98,0,0,5.33,0.89,0.41,12,89,0
22124.24,1,1,9.08,0.1,0.25,10,9,1
15377.35,0,0,9.65,0.44,0.38,2,57,0
704.57,0,1,9.78,0.2,0.56,1,17,0
27936.91,0,0,5.89,0.47,0.34,5,76,0
12710.12,0,0,6.06,0.63,0.42,9,10,0
41728.5,0,1,4.45,0.67,0.1,20,71,0
42586.18,1,1,2.89,0.6,0.48,16,72,1
9127.03,0,0,7.94,0.89,0.7,20,2,0
6245.46,0,1,3.54,0.08,0.31,8,95,0
49703.69,0,0,0.66,0.65,0.78,6,65,1
11391.5,1,1,0.85,0.94,0.32,19,40,0
48390.94,0,0,4.34,0.36,0.66,3,47,0
35861.45,1,1,8.61,0.39,0.36,23,85,1
17191.92,1,0,4.77,0.94,0.8,21,70,0
30455.68,0,1,2.99,0.21,0.72,3,25,1
43959.55,1,1,0.69,0.68,0.8,21,85,1
18795.6,0,1,3.24,0.62,0.42,20,41,0
36649.98,0,0,0.24,0.36,0.35,8,82,0
15796.4,0,0,6.62,0.62,0.44,2,29,1
28272.74,0,1,8.27,0.38,0.59,18,12,1
13654.68,1,0,5.28,0.89,0.57,7,43,0
35796.5,0,0,6.37,0.81,0.98,10,35,1
35406.09,0,1,7.39,0.78,0.27,16,3,1
11888.72,1,0,6.6,0.44,0.65,19,38,0
17049.95,0,0,3.01,0.19,0.4,4,56,0
31471.35,1,0,2.51,0.23,0.53,20,25,0
36478.98,0,0,8.85,0.92,0.96,8,7,1
45308.8,0,0,0.16,0.72,0.94,1,58,0
31883.48,1,1,6.5,0.97,0.38,15,79,1
27196.32,0,0,7.34,0.76,0.76,17,80,1
23360.49,1,0,0.23,0.45,0.68,2,80,0
21755.57,0,1,4.13,0.31,0.14,5,70,0
41272.06,0,0,7.52,0.95,0.41,10,97,0
19746.65,0,0,3.37,0.41,0.95,4,29,0
1355.19,1,1,2.45,0.46,0.17,11,13,0
6753.79,0,0,5.58,0.28,0.39,9,90,0
29528.8,0,1,4.8,0.2,0.17,23,93,0
48699.64,0,1,5.86,0.81,0.46,7,10,1
43418.09,0,0,2.73,0.61,0.19,14,12,0
14751.25,0,0,5.11,0.67,0.96,3,31,0
17314.64,0,0,2.53,0.73,0.55,8,45,0
13544.98,0,0,6.01,0.33,0.73,8,44,0
13069.83,0,0,6.99,0.72,0.7,4,38,0
12815.4,0,0,1.02,0.94,0.84,5,51,0
45342.77,0,1,1.66,0.07,0.8,14,42,0
49427.38,0,0,2.53,0.69,0.09,2,4,0
19099.84,0,1,8.76,0.6,0.55,15,45,0
17189.38,0,0,3.84,0.82,0.22,2,48,0
16485.05,0,0,3.79,0.8,0.09,19,9,0
19049.25,1,0,5.1,0.25,0.12,7,38,0
47603.18,0,0,9.54,0.67,0.69,7,13,0
24681.22,0,0,8.03,0.49,0.11,3,83,0
27286.31,1,0,0.79,0.58,0.6,3,17,0
23604.35,0,0,2.67,0.6,0.28,0,12,0
8967.45,1,1,5.5,0.58,0.65,11,15,1
34041.94,0,1,7.53,0.65,0.35,21,9,1
20526.21,0,0,3.89,0.63,0.82,21,38,0
12184.82,0,1,3.74,0.55,0.86,22,4,0
16290.23,0,0,1.39,0.71,0.92,14,50,0
3823.2,0,0,5.16,0.23,0.87,9,14,0
45155.66,1,0,6.12,1.0,0.33,15,37,1
47664.06,0,0,1.63,0.34,0.74,6,56,0
26259.28,0,1,0.17,0.26,0.62,1,58,0
23368.98,0,1,6.29,0.66,0.95,3,84,1
32704.4,0,0,3.89,0.99,0.72,20,32,0
20209.69,1,0,9.64,0.25,0.57,16,38,1
49932.53,0,0,3.53,0.55,0.27,3,98,0
28671.02,0,0,3.31,0.1,0.95,20,44,0
12872.09,0,0,6.02,0.18,0.67,5,99,0
14727.71,0,0,3.68,0.07,0.96,19,35,0
39464.62,0,1,8.62,0.73,0.91,20,21,1
24715.35,0,1,9.48,0.39,0.18,15,80,1
1621.11,0,0,9.42,0.88,0.54,9,56,0
396.08,0,0,7.57,0.19,0.88,13,55,0
11547.99,0,0,9.02,0.73,0.38,10,16,0
35145.49,1,0,8.15,0.52,0.96,15,33,1
8639.97,1,0,9.85,0.73,0.13,10,19,0
36494.34,0,0,5.81,0.17,0.27,2,7,0
9854.62,0,0,8.74,0.32,0.33,3,99,0
7522.2,0,0,0.85,0.92,0.97,1,15,0
24114.05,1,0,4.98,0.92,0.96,17,18,1
13196.16,0,0,4.47,0.35,0.41,4,53,0
1706.0,0,0,5.38,0.6,0.1,12,26,0
23091.33,0,0,7.8,0.24,0.8,17,1,1
49752.93,0,0,0.85,0.84,0.47,9,11,0
43751.09,1,1,2.56,0.4,0.76,22,78,1
7775.95,0,1,1.6,0.74,0.5,5,55,0
8938.12,0,1,2.23,0.55,0.28,0,49,0
18503.16,0,0,1.0,0.97,0.98,18,55,0
20892.35,0,0,4.41,0.12,0.52,13,45,0
30116.58,0,0,8.59,0.54,0.7,15,60,0
22505.38,0,0,2.88,0.32,0.12,17,40,0
25383.19,0,0,6.55,0.51,0.56,15,96,0
8785.15,0,1,5.23,0.84,0.77,11,8,1
32412.98,0,0,5.12,0.72,0.44,15,84,0
39456.61,0,1,4.34,0.12,0.17,9,51,0
3481.09,1,0,9.0,0.78,0.88,8,72,1
29825.11,0,0,3.17,0.75,0.07,15,68,0
3633.1,0,0,7.71,0.18,0.89,16,29,0
47428.79,0,0,6.97,0.84,0.45,6,96,0
35463.37,0,0,3.93,0.89,0.98,17,87,0
44332.18,0,0,0.55,0.58,0.12,6,46,0
40377.47,0,1,8.12,0.2,0.42,0,46,1
46926.46,1,0,5.78,0.77,0.31,1,86,1
28053.61,0,0,6.15,0.55,0.06,21,16,0
35235.71,0,0,3.68,0.94,0.87,7,10,0
22509.49,0,0,9.67,0.39,0.11,20,70,0
28593.32,0,1,0.49,0.54,0.1,13,81,0
44371.5,1,0,6.24,0.8,0.9,1,80,1
21310.9,1,0,2.75,0.11,0.81,1,98,1
15815.52,0,0,1.75,0.48,0.28,10,1,0
43791.26,0,0,0.45,0.4,0.51,0,78,0
46977.64,0,0,9.59,0.13,0.66,7,11,0
48913.36,0,0,2.1,0.9,0.92,3,14,0
37022.57,0,1,6.89,0.56,0.28,18,50,1
14810.11,1,0,9.38,0.21,0.67,12,13,0
5065.02,0,0,3.61,0.96,0.86,13,52,0
476.3,0,0,8.91,0.97,0.12,2,51,0
27461.77,0,0,3.24,0.56,0.68,19,14,1
28142.56,0,0,3.54,0.06,0.08,3,30,0
26210.58,1,0,8.17,0.45,0.14,6,3,1
25645.6,0,0,3.69,0.76,0.88,21,85,0
14953.83,0,0,7.91,0.35,0.86,3,4,0
33103.96,0,0,4.5,0.37,0.86,14,48,0
41652.88,0,0,9.78,0.61,0.53,6,21,0
10841.91,1,0,5.78,0.59,0.92,8,40,0
8128.08,1,0,4.96,0.46,0.59,12,88,0
49505.31,0,0,5.94,0.47,0.07,9,58,0
627.29,0,1,2.45,0.29,0.05,19,6,0
30808.74,0,0,2.44,0.19,0.41,19,36,0
45817.74,0,0,1.12,0.91,0.59,3,45,1
26316.03,1,0,9.57,0.45,0.33,17,81,1
40080.59,0,0,5.05,0.65,0.18,23,30,0
14363.32,0,0,4.61,0.09,0.08,1,13,0
17718.75,0,0,3.67,0.58,0.73,9,93,0
14606.17,0,0,2.29,0.55,0.21,0,51,0
24269.97,0,0,3.31,0.44,0.82,4,87,0
3152.88,0,0,9.4,0.71,0.1,20,36,0
41517.83,1,0,4.46,0.94,0.19,20,2,1
11785.02,0,0,5.11,0.48,1.0,1,39,0
39343.6,0,1,6.19,0.71,0.33,4,83,1
2074.59,1,0,1.61,0.21,0.59,2,50,0
38735.91,0,0,9.63,0.42,0.43,15,76,0
40492.98,0,0,3.79,0.51,0.24,5,19,0
11150.45,0,1,3.13,0.24,0.3,18,87,0
3560.65,0,0,3.03,0.16,0.43,13,51,0
4987.12,1,0,7.27,0.45,0.41,2,85,0
26240.39,0,0,7.43,0.84,0.76,14,80,1
31140.77,0,0,3.88,0.18,0.87,2,54,0
1633.29,0,1,6.0,0.97,0.18,6,61,0
39926.44,0,0,5.87,0.63,0.74,14,32,0
38561.56,0,0,4.1,0.79,0.96,16,93,0
26823.28,0,0,5.11,0.63,0.06,4,2,1
44283.5,0,0,1.06,0.37,0.53,10,52,0
1250.33,1,1,7.54,0.77,0.42,9,74,1
32873.07,1,0,0.74,0.38,0.99,15,79,0
29377.78,1,0,3.79,0.13,0.39,14,6,0
6140.33,0,0,3.67,0.42,0.8,19,53,0
23102.89,0,0,9.87,0.33,0.63,17,17,0
23383.65,0,0,2.72,0.08,0.82,12,49,0
23911.16,0,0,6.01,0.33,0.1,21,73,0
157.18,0,0,5.99,0.79,0.53,0,61,0
27217.91,0,0,7.02,0.19,0.06,10,68,0
1585.62,0,1,5.54,0.31,0.8,17,87,1
36678.29,0,0,9.06,0.24,0.99,4,0,1
12369.79,0,0,6.22,0.71,0.25,17,11,0
29859.19,0,0,5.72,0.52,0.66,6,99,0
27081.43,0,0,4.75,0.89,0.83,15,31,0
35852.7,0,0,4.91,0.35,0.18,2,59,0
2339.8,0,0,7.35,0.29,0.4,3,13,0
13506.52,1,0,4.85,0.97,0.28,22,85,0
2742.49,0,0,7.59,0.26,0.81,6,95,0
36096.19,0,0,0.48,0.52,0.19,15,85,0
7153.82,0,0,2.28,0.62,0.98,17,97,0
38194.55,1,0,2.99,0.52,0.15,15,7,0
17519.94,0,0,0.86,0.92,0.55,22,60,0
17637.59,0,0,0.75,0.88,0.74,13,54,0
25278.44,0,0,0.8,0.77,0.57,16,62,0
43142.46,1,0,8.08,0.76,0.76,18,23,1
24382.19,0,1,4.85,0.51,0.35,15,79,0
25677.94,0,0,9.83,0.2,0.56,7,57,0
15992.97,0,1,3.97,0.11,0.42,18,72,0
3464.45,0,0,4.28,0.07,0.99,14,69,0
38951.0,0,0,3.95,0.38,0.07,2,65,0
44485.55,0,0,5.95,0.9,0.72,1,49,1
43404.84,0,0,5.31,0.86,0.94,19,81,1
496.91,1,0,2.73,0.54,0.51,17,22,0
24024.37,1,0,2.81,0.92,0.12,6,38,0
34118.62,0,0,1.81,0.86,0.18,23,28,0
3855.35,0,0,9.42,0.75,0.56,16,88,0
23974.0,0,0,4.16,0.85,0.23,9,78,0
36139.44,1,1,5.14,0.66,0.42,16,80,1
45322.66,1,1,1.47,0.86,0.95,8,68,1
25980.45,1,0,9.94,0.48,0.73,16,4,1
24755.61,1,0,4.18,0.15,0.42,12,41,0
747.54,1,0,8.31,0.56,0.55,15,56,0
42992.02,1,0,1.59,0.88,0.09,2,8,1
39067.67,1,1,5.85,0.15,0.49,11,17,1
1483.49,0,0,7.34,0.53,0.4,8,15,0
36638.79,0,0,6.56,0.58,0.39,21,12,0
12608.04,1,0,5.99,0.85,0.08,3,15,1
40803.1,1,1,1.78,0.72,0.19,17,57,1
12331.79,1,0,9.86,0.6,0.65,7,66,0
37848.54,0,0,3.76,0.45,0.59,9,19,0
5532.14,0,0,9.5,0.99,0.51,15,24,0
32283.69,0,0,8.75,0.76,0.52,8,36,0
25561.87,0,0,1.0,0.1,0.86,18,37,0
28800.25,0,0,3.68,0.19,0.09,15,93,0
49743.01,0,0,5.72,0.84,0.23,13,37,0
45954.84,0,1,4.96,0.48,0.97,0,81,1
32543.89,0,0,5.34,0.54,0.59,9,44,0
40548.31,0,1,3.87,0.61,0.88,1,69,1
24338.49,1,0,2.6,0.38,0.89,14,83,0
47510.37,0,0,1.91,0.17,0.11,9,28,0
43918.02,1,0,9.99,0.96,0.67,23,30,0
7693.32,0,0,4.04,0.95,0.37,2,46,0
873.45,1,0,1.49,0.75,0.87,13,67,0
14818.62,1,1,2.69,0.14,0.18,9,49,0
41945.03,1,1,1.74,0.19,0.56,12,43,1
24060.65,0,0,4.85,0.68,0.46,21,7,0
28510.41,1,0,7.9,0.71,0.23,10,80,1
45179.5,1,0,7.27,0.31,0.57,4,68,1
15289.28,0,0,4.11,0.4,0.65,15,99,0
32072.59,1,0,5.99,0.21,0.35,5,3,1
38436.97,0,1,7.11,0.84,0.32,14,20,1
27834.23,1,0,5.85,0.37,0.55,0,48,1
21510.73,0,0,2.92,0.16,0.65,19,32,0
13953.21,1,0,3.98,0.74,0.91,2,99,0
29341.7,1,0,5.58,0.22,0.65,13,65,1
47878.78,0,0,7.1,0.32,0.3,11,95,0
40699.21,1,0,3.38,0.08,0.48,13,67,0
40788.89,0,0,6.65,0.57,0.31,16,96,0
8750.71,1,1,3.72,0.41,0.76,7,12,0
23634.99,0,0,0.63,0.46,0.8,12,75,0
43053.67,0,1,3.48,0.99,0.29,11,31,0
17760.99,0,1,7.49,0.99,0.63,9,92,0
4594.69,1,0,7.03,0.44,0.57,14,22,0
8404.33,0,0,7.94,0.11,0.13,20,34,0
20442.79,0,0,4.82,0.15,0.06,2,61,0
11950.09,0,0,4.25,0.33,0.82,16,79,0
16744.33,1,0,3.31,0.13,0.64,23,78,0
31320.9,0,0,1.14,0.88,0.54,9,50,0
2944.63,0,1,0.31,0.5,0.93,21,24,0
21465.97,0,0,1.77,0.07,0.63,22,20,0
5407.57,0,0,8.11,0.31,0.89,23,78,0
47053.74,0,0,3.74,0.79,0.21,22,62,0
19836.3,1,0,5.22,0.59,0.17,7,0,0
33785.24,1,0,7.4,0.15,0.71,9,68,1
4990.97,1,1,7.2,0.82,0.99,0,1,1
48261.11,0,1,6.54,0.59,0.72,20,22,1
46221.15,0,0,0.41,0.31,0.26,0,63,0
27000.54,1,1,4.07,0.46,0.19,18,78,1
3315.44,1,0,2.07,0.56,0.22,7,49,0
2345.17,0,0,1.44,0.52,0.2,10,68,0
35459.32,0,0,8.72,0.07,0.57,19,68,0
31130.62,1,0,6.95,0.83,0.66,20,28,1
27806.39,1,0,9.68,0.39,0.18,13,87,1
33218.39,1,1,7.48,0.25,0.88,6,80,1
14848.83,1,0,1.05,0.29,0.31,4,10,0
33747.15,1,1,5.83,0.69,0.64,3,40,1
20465.44,0,0,4.88,0.87,0.52,13,57,0
10175.07,1,0,9.57,0.99,0.92,10,67,1
7013.52,0,1,1.56,0.82,0.83,22,51,0
33403.19,1,0,4.19,0.47,0.13,16,57,0
43472.22,1,0,7.54,0.24,0.68,3,0,1
48922.83,0,0,7.19,0.91,0.17,3,32,1
45972.88,1,0,3.81,0.32,0.52,8,5,0
7575.5,0,1,3.56,0.78,0.42,4,79,0
49052.02,0,1,9.89,0.98,0.46,20,23,1
13841.25,0,0,5.84,0.18,0.09,17,19,0
16191.31,0,0,2.01,0.08,0.86,1,82,0
44481.63,1,0,8.09,0.4,0.87,8,93,1
29171.83,0,0,9.8,0.44,0.54,6,81,0
30584.84,1,0,7.9,0.74,0.28,20,71,1
37463.79,1,1,2.35,0.9,0.37,7,67,1
41728.02,0,0,5.45,0.72,0.35,18,29,0
36713.43,1,0,1.75,0.35,0.46,16,48,0
43982.72,1,0,7.55,0.75,0.09,13,81,1
32079.53,1,1,3.84,0.61,0.18,16,35,1
34525.11,0,0,8.2,0.8,0.75,5,96,1
43870.22,0,0,2.16,0.32,0.16,0,92,0
37804.82,0,1,3.74,0.69,0.26,14,10,0
28076.08,1,0,6.74,0.48,0.9,3,2,1
49510.9,1,0,3.27,0.59,0.74,19,80,0
39327.91,0,0,0.63,0.59,0.7,12,94,0
30717.85,0,0,7.05,0.4,0.69,11,84,0
20053.34,0,0,3.71,0.19,0.38,15,21,0
49170.04,0,0,2.71,0.11,0.06,11,12,0
17744.96,1,0,1.96,0.79,0.93,17,6,0
37285.44,0,0,2.09,0.47,0.96,6,80,0
41431.32,0,0,8.64,0.51,0.46,10,68,0
28039.59,1,0,1.84,0.5,0.27,7,19,0
47503.82,1,0,1.81,0.54,0.78,2,42,1
33609.52,0,0,0.52,0.73,0.95,0,5,0
4476.07,0,1,5.56,0.09,0.98,21,67,0
2101.52,0,0,3.49,0.53,0.91,9,6,0
33463.52,0,0,5.56,0.82,0.56,5,73,0
21042.78,0,0,7.3,0.51,0.32,6,49,0
42967.98,0,0,9.35,0.81,0.1,20,75,0
16204.54,1,0,2.64,0.26,0.24,23,58,0
44386.71,0,0,3.21,0.67,0.4,2,37,0
21658.93,0,1,7.7,0.25,0.41,21,28,1
30687.99,0,1,7.7,0.53,0.86,13,44,1
38951.23,1,0,2.75,0.89,0.78,12,25,1
3250.2,0,0,5.09,0.2,0.17,7,36,1
24823.04,1,0,0.49,0.16,0.77,13,56,0
3039.54,0,0,1.44,0.5,0.34,11,89,0
11038.07,1,0,0.21,0.54,0.14,2,52,0
620.32,0,0,2.83,0.52,0.35,0,20,0
11273.02,0,0,6.07,0.41,0.39,9,97,0
577.13,1,0,9.86,0.61,0.1,19,31,0
44169.33,1,0,6.22,0.52,0.97,3,95,1
38278.56,0,0,1.79,0.25,0.78,21,39,0
44254.46,0,1,9.1,0.46,0.14,16,72,1
16912.74,1,0,5.44,0.53,0.15,15,62,0
4329.29,0,1,2.78,0.78,0.22,1,43,0
45785.32,0,1,5.1,0.35,0.9,1,37,1
1498.14,0,0,7.54,0.13,0.95,7,18,0
47460.69,0,0,8.61,0.41,0.97,18,52,0
15849.12,1,1,2.92,0.18,0.77,10,12,0
21869.73,0,1,5.8,0.59,0.3,19,80,1
23462.23,1,1,6.62,0.8,0.08,17,36,1
15356.3,1,0,8.83,0.19,0.53,22,61,0
25890.74,1,1,1.25,0.17,0.17,6,66,1
40886.38,1,1,2.23,0.43,0.98,13,92,1
33605.4,0,0,8.03,0.51,0.82,19,74,0
49967.71,0,0,4.08,0.76,0.86,21,35,0
29764.39,1,1,6.61,0.82,0.6,2,13,1
2159.21,1,0,4.1,0.94,0.24,21,75,0
40931.55,1,0,3.22,0.91,0.27,23,48,0
16810.33,0,0,4.43,0.86,0.1,6,2,0
42618.28,0,0,3.68,0.99,0.16,1,56,1
34115.91,1,0,6.47,0.16,0.41,8,47,1
44072.52,1,0,6.56,0.53,0.19,13,91,1
29719.03,0,0,5.07,0.61,0.65,12,17,0
16072.65,1,0,8.31,0.77,0.23,19,18,0
17797.67,0,0,9.95,0.33,0.75,14,66,0
16328.74,0,0,7.84,0.32,0.19,22,65,0
5210.41,0,0,6.36,0.84,0.21,14,80,0
26581.34,1,0,6.09,0.43,0.79,20,47,1
4781.98,1,0,3.13,0.71,0.09,6,56,0
47981.72,1,0,2.2,0.98,0.74,22,37,1
37119.16,1,0,5.55,0.65,0.51,13,30,1
41660.17,1,1,4.93,0.41,0.84,11,49,1
12393.93,0,0,6.95,0.37,0.3,2,92,0
8935.18,0,0,0.36,0.43,0.2,6,95,0
42161.59,0,0,0.39,0.63,0.36,9,80,0
8265.49,1,1,8.9,0.34,0.68,16,5,1
6114.2,1,0,8.57,0.75,0.41,18,46,0
48352.73,1,1,0.63,0.31,0.75,23,50,1
35353.18,0,0,4.7,0.43,0.87,11,6,0
13042.35,1,0,8.49,0.36,0.72,2,62,0
38500.22,0,1,0.81,0.84,0.14,1,58,1
18226.52,1,1,2.1,0.19,0.39,20,70,0
38003.68,0,0,7.51,0.6,0.84,5,28,0
8174.34,1,0,0.13,0.92,0.64,17,51,0
36314.25,0,1,0.78,0.66,0.79,1,97,0
37772.92,1,0,3.16,0.58,0.92,4,69,1
23329.18,0,0,9.53,0.63,0.15,8,37,0
26182.39,1,0,9.08,0.61,0.75,12,96,1
15833.71,0,1,1.93,0.72,0.09,16,58,0
16996.01,1,0,9.53,0.92,0.13,23,26,0
38996.47,1,1,4.78,0.23,0.14,9,47,1
40935.08,1,0,1.6,0.42,0.89,23,16,0
27191.41,0,0,1.36,0.13,0.23,11,95,0
13885.64,0,0,0.9,0.23,0.88,3,10,0
12891.45,0,1,6.24,0.96,0.29,3,42,1
21291.79,0,0,2.65,0.93,0.18,0,71,0
25286.45,0,0,6.65,0.49,0.4,16,16,0
26014.47,0,0,7.26,0.37,0.69,0,44,0
19936.04,1,0,9.42,0.96,0.89,12,26,1
32382.28,1,0,6.34,0.98,0.7,7,23,1
2963.68,0,0,3.91,0.79,0.2,18,99,0
15821.79,0,0,5.84,0.11,0.19,15,39,0
9406.38,0,0,1.02,0.47,0.07,1,96,0
38656.17,0,0,1.7,0.63,0.68,5,42,1
352.85,0,0,3.39,0.84,0.73,17,4,0
36742.05,1,0,3.13,0.49,0.52,22,48,0
15101.28,0,0,5.82,0.16,0.5,11,82,0
24602.82,1,0,0.24,0.47,0.83,3,78,1
25718.16,0,0,5.68,1.0,0.66,4,89,1
28337.9,0,0,0.96,0.34,0.91,22,90,0
37160.9,0,0,5.99,0.77,0.18,2,40,1
27814.07,0,0,4.02,0.33,0.78,14,5,0
45213.68,0,0,6.82,0.14,0.44,5,27,0
46219.77,0,0,6.48,0.2,0.28,5,71,0
9491.65,0,0,5.24,0.18,0.54,17,9,0
42561.45,0,0,6.53,0.23,0.44,14,36,0
1198.6,0,0,4.87,0.53,0.29,14,86,0
35242.74,0,1,6.48,0.73,0.31,17,91,1
43282.24,1,0,3.8,0.68,0.67,12,33,0
48275.65,0,0,0.94,0.07,0.93,15,28,0
34738.35,1,1,6.51,0.85,0.42,16,1,1
3343.01,0,0,4.5,0.74,0.7,6,38,0
7230.11,1,0,3.84,0.12,0.06,13,23,0
560.19,0,0,1.3,0.15,0.9,0,77,0
46729.34,0,0,2.13,0.64,0.17,3,61,0
46583.44,0,1,3.4,0.36,0.43,3,36,0
28333.85,1,0,7.11,0.36,0.22,11,54,1
30425.3,1,1,9.73,0.95,0.06,4,62,1
13669.53,1,1,0.49,0.59,0.75,2,41,1
11333.58,0,0,6.6,0.53,0.08,3,93,0
3421.94,0,0,1.27,0.21,0.47,14,62,0
23436.14,0,0,9.38,0.15,0.14,14,45,0
25369.2,1,0,8.31,0.93,0.65,5,45,1
39645.14,1,0,8.01,0.18,0.26,20,12,1
13322.54,0,0,1.17,0.67,0.93,21,11,0
29893.39,0,0,2.94,0.39,0.08,11,35,0
49759.55,1,0,8.28,0.57,0.35,20,41,1
9084.49,0,1,1.61,0.08,0.28,16,49,0
41455.03,0,1,4.51,0.98,0.33,7,2,1
31938.61,0,0,3.12,0.64,0.31,15,57,0
45615.58,1,1,7.19,0.7,0.58,17,54,1
9542.84,0,1,1.81,0.93,0.55,14,62,0
13524.77,1,0,3.04,0.24,0.17,17,39,0
32152.11,0,0,1.31,0.81,0.79,3,35,0
19237.4,0,0,7.4,0.91,0.27,11,85,0
9305.95,0,0,0.63,0.73,0.57,10,42,0
13661.85,1,1,9.2,0.79,0.82,14,4,1
9588.68,0,0,9.86,0.56,0.31,21,36,0
48970.85,0,0,5.46,0.21,0.07,22,67,0
42765.05,1,0,0.32,0.55,0.1,11,14,0
35950.57,0,0,4.55,0.82,0.56,4,40,0
16666.38,1,0,4.12,0.09,0.4,5,79,0
38073.28,0,0,2.05,0.96,0.62,15,65,0
35719.05,1,1,0.42,0.98,0.88,19,45,0
36854.24,1,0,6.52,0.07,0.86,13,14,1
3285.17,1,0,8.03,0.44,0.35,9,57,0
17917.6,1,0,1.59,0.17,0.43,14,87,0
7359.58,1,1,0.42,0.76,0.67,15,2,1
24775.67,1,0,2.42,0.43,0.48,4,30,0
28044.22,0,0,4.22,0.97,0.62,7,59,0
17248.56,0,1,9.05,0.8,0.27,8,47,0
18222.51,0,0,7.28,0.13,0.65,9,32,0
34686.85,0,0,2.88,0.64,0.39,22,6,0
48148.98,1,0,0.24,0.47,0.74,13,25,0
29069.41,0,1,1.85,0.1,0.86,5,73,0
6514.72,0,0,6.42,0.32,0.87,8,44,0
24782.23,0,0,6.8,0.75,0.28,16,4,0
19057.52,0,0,6.05,0.06,0.38,23,29,0
47600.41,0,0,5.39,0.32,0.25,4,90,0
45802.59,1,0,7.68,0.27,0.33,8,36,1
16210.71,0,0,8.54,0.74,0.71,1,90,0
47909.87,0,0,3.17,0.09,0.76,3,48,0
36135.16,1,0,7.8,0.6,0.32,5,85,1
735.09,1,0,8.7,0.89,0.47,20,59,0
20846.14,0,1,7.9,0.17,0.63,23,80,1
29817.98,1,0,3.57,0.4,0.74,12,52,0
35674.0,1,0,1.55,0.33,0.53,21,3,0
28461.3,0,0,3.74,0.56,0.45,10,85,0
45214.98,0,0,9.25,0.56,0.88,20,51,0
24740.06,0,0,4.49,0.4,0.69,23,40,0
4380.98,0,0,4.61,0.79,0.47,6,4,0
35534.19,1,0,5.85,0.2,0.26,13,35,1
21594.02,1,0,2.0,0.3,0.41,22,64,0
2139.61,0,0,5.78,0.98,0.87,18,70,0
36315.87,0,0,6.21,0.53,0.86,0,84,1
20022.03,0,0,1.07,0.98,0.18,3,30,0
16033.09,0,0,0.54,0.33,0.87,14,24,0
6272.22,0,1,2.4,0.32,0.97,12,91,0
25609.58,0,1,9.82,0.82,0.35,20,97,1
12191.05,1,1,4.25,0.67,0.21,11,78,0
46587.01,1,0,3.6,0.72,0.35,1,39,1
15576.6,0,0,2.25,0.06,0.65,20,90,0
9482.46,1,0,0.35,0.26,0.71,14,60,0
2790.23,0,0,7.64,0.78,0.96,11,31,0
2045.57,1,0,7.18,0.14,0.12,6,50,0
21417.06,0,0,5.66,0.05,0.16,12,22,0
6763.1,0,0,7.18,0.18,0.75,3,60,0
32608.79,0,0,6.63,0.98,0.95,1,14,1
30834.96,1,1,4.85,0.3,0.18,1,26,1
36170.01,1,1,2.12,0.73,0.32,5,19,1
33323.69,0,0,1.13,0.1,0.87,23,50,0
37578.42,0,0,7.38,0.84,0.91,14,14,1
37703.91,1,0,1.73,0.12,0.35,12,31,0
49895.1,0,0,6.96,0.24,0.11,12,71,1
35045.25,1,0,8.97,0.41,0.7,2,55,1
13535.88,0,1,3.06,0.34,0.51,11,4,0
39869.93,1,0,5.3,0.32,0.82,14,4,1
33743.09,0,0,4.21,0.15,0.92,11,88,0
29482.36,0,0,4.11,0.27,0.28,12,23,0
26584.88,0,0,9.52,0.16,0.84,7,97,0
7393.65,0,0,6.94,0.28,0.56,21,22,0
22492.16,1,1,4.76,0.97,0.12,22,25,1
19095.35,0,0,4.82,0.17,0.21,13,33,0
43408.77,0,0,6.02,0.24,0.46,21,69,0
26908.89,0,1,8.46,0.3,0.64,16,81,1
1574.68,0,1,6.32,0.98,0.95,16,68,1
20516.36,1,0,6.5,0.7,0.29,17,13,1
28918.99,0,0,5.45,0.42,0.22,15,22,0
41478.61,0,0,5.17,0.42,0.48,12,83,0
37508.46,0,0,5.05,0.68,0.49,20,69,0
20590.92,1,0,9.65,0.21,0.28,23,94,1
23442.71,0,0,3.99,0.52,0.55,0,52,0
12627.46,0,0,0.91,0.55,0.85,7,97,0
44942.95,1,1,6.39,0.97,0.2,15,45,1
28998.35,1,0,2.2,0.55,0.67,20,84,0
35766.99,1,1,2.99,0.36,0.4,21,54,1
5105.94,1,0,8.81,0.93,0.07,23,30,0
26067.57,0,0,3.31,0.64,0.14,14,61,0
979.98,0,0,4.32,0.12,0.9,6,30,0
5874.09,0,0,0.7,0.63,0.82,2,68,0
10228.17,1,0,9.47,0.12,0.51,10,29,0
12457.74,1,0,0.28,0.63,0.52,4,23,0
49787.84,1,0,5.46,0.35,0.79,21,5,1
18136.54,0,0,4.78,0.9,0.7,5,51,0
33055.18,1,0,5.36,0.27,0.86,13,62,1
48572.67,0,0,5.16,0.42,0.2,23,54,0
49537.12,0,0,8.6,0.72,0.09,17,48,0
3642.36,0,0,3.98,0.28,0.11,6,90,0
13738.63,1,0,8.44,0.96,0.73,19,74,1
46684.76,0,1,7.76,0.74,0.39,4,10,1
32730.5,0,0,0.92,0.39,0.46,16,14,0
8714.1,0,0,4.99,0.11,0.95,2,97,0
36569.5,0,0,5.34,0.98,0.76,10,81,1
42555.55,0,0,6.93,0.14,0.16,6,11,0
6312.46,0,0,6.1,0.54,0.19,6,8,0
40208.84,1,0,3.44,0.23,0.22,21,66,0
49092.65,0,0,0.95,0.31,0.14,3,92,0
21973.95,0,0,6.3,0.42,0.1,1,82,0
20307.13,0,1,4.08,0.83,0.92,4,14,1
44635.37,0,0,8.1,0.91,0.7,13,41,1
28674.44,0,1,3.42,0.25,0.15,19,67,0
11647.71,1,0,4.46,0.72,0.18,16,90,1
49824.79,1,1,4.2,0.53,0.55,21,5,1
14112.87,1,0,2.76,0.18,0.92,18,91,0
40775.72,0,1,7.66,0.88,0.07,12,60,1
4591.4,0,1,4.73,0.86,0.36,8,77,0
21348.28,1,0,9.49,0.6,0.77,18,90,1
24683.94,1,1,0.56,0.34,0.47,5,83,1
36526.92,0,0,6.67,0.51,0.75,16,69,0
5915.68,1,0,4.2,0.08,0.18,22,60,0
17165.09,1,0,9.72,0.62,0.28,22,81,0
16392.07,0,0,3.92,0.19,0.07,8,58,0
5462.82,1,0,7.27,0.42,0.12,1,91,0
29023.57,0,1,0.55,0.24,0.76,1,85,1
14534.66,0,1,3.21,0.24,0.54,3,6,1
2272.97,1,0,4.31,0.76,0.97,2,72,0
48661.01,1,0,7.13,0.12,0.35,17,77,1
21399.46,0,0,4.22,0.61,0.45,1,31,0
3597.27,0,0,0.44,0.24,0.26,12,58,0
14369.44,0,1,7.95,0.37,0.5,1,13,0
884.43,0,0,5.69,0.95,0.95,19,91,0
30770.82,0,0,1.27,0.95,0.87,7,17,1
39128.37,0,0,6.07,0.69,0.89,3,24,1
41248.32,1,0,1.27,0.74,0.98,19,14,1
3207.16,1,1,5.04,0.44,0.91,23,21,1
44590.06,0,0,5.33,0.64,0.95,18,94,0
9658.05,0,0,9.06,0.54,0.98,4,86,0
29969.35,1,1,8.51,0.67,0.85,13,81,1
46248.6,0,0,8.85,0.12,0.1,20,82,0
31687.76,0,0,4.64,0.63,0.29,9,47,0
30716.61,1,0,7.85,0.4,0.31,1,12,1
40375.93,0,1,9.89,0.12,0.09,13,73,1
19280.05,0,1,0.33,0.35,0.23,1,21,0
33507.1,1,1,5.02,0.27,0.23,23,76,1
35458.81,0,0,6.12,0.66,0.68,23,70,0
40316.65,0,0,7.99,0.96,0.11,15,75,0
7408.89,1,0,7.85,0.69,0.62,22,10,0
11113.11,0,0,3.52,0.84,0.4,17,22,0
29172.6,0,0,0.12,0.92,0.13,6,35,0
21255.08,0,0,5.4,0.99,0.75,16,22,1
42930.96,0,0,7.76,0.88,0.64,3,46,1
19213.89,0,0,6.73,0.44,0.2,6,71,0
26577.19,0,0,9.18,0.34,0.26,19,99,0
42684.8,0,0,8.63,0.53,0.41,17,89,0
29732.11,1,0,8.8,0.61,0.36,18,68,1
16471.15,0,1,5.98,1.0,0.8,15,14,1
13290.82,0,1,0.37,0.27,0.91,16,17,0
11419.67,0,1,8.95,0.29,0.45,20,19,0
38573.27,1,0,9.12,0.36,0.2,23,14,1
42743.83,0,1,3.0,0.67,0.09,2,20,0
24124.18,1,0,9.18,0.77,0.36,14,91,1
47461.69,0,0,7.84,0.71,0.17,10,5,0
30442.31,0,0,9.0,0.28,0.32,3,8,0
14607.64,0,0,8.88,0.75,0.68,10,97,0
17504.65,1,0,5.56,0.97,0.98,19,30,1
43679.73,0,0,1.22,0.95,0.55,9,63,0
17575.73,0,0,9.31,0.86,0.49,3,5,0
20122.65,0,0,9.41,0.79,0.18,10,57,0
46797.06,0,0,3.81,0.16,0.45,20,57,0
21653.06,0,0,8.58,0.34,0.83,1,43,1
15096.42,0,0,6.26,0.27,0.92,11,10,0
46008.79,0,0,0.33,0.31,0.87,13,91,0
21863.74,0,0,8.4,0.64,0.75,9,16,0
47639.64,1,0,5.63,0.16,0.39,9,2,1
16573.37,0,0,7.24,0.39,0.8,7,45,0
18162.7,0,0,4.39,0.47,0.99,11,11,0
46339.43,0,0,0.52,0.12,0.06,4,52,0
32688.9,0,0,5.75,0.51,0.41,12,65,0
30953.93,0,0,2.13,0.79,0.81,23,0,0
13156.29,0,1,7.76,0.12,0.84,2,78,1
12734.67,1,1,7.84,0.48,0.36,9,65,1
23213.47,1,1,6.63,0.75,0.09,4,48,1
1116.82,1,1,2.46,0.85,0.68,16,10,0
30356.63,0,0,8.47,0.13,0.87,15,67,0
11751.31,0,0,7.82,0.89,0.93,21,43,0
41528.18,0,0,7.85,0.17,0.68,16,8,0
45010.67,0,1,1.14,0.09,0.97,15,15,0
19371.17,0,1,2.62,0.08,0.55,12,59,0
32640.21,0,0,3.19,0.92,0.97,10,18,0
14581.0,1,0,7.68,0.83,0.17,23,54,0
49277.06,1,0,2.54,0.6,0.45,1,20,0
33228.1,0,0,0.28,0.76,0.66,20,18,0
48240.4,0,0,7.79,0.8,0.08,10,14,0
45930.74,0,0,0.54,0.58,0.44,6,90,0
36226.94,0,1,7.18,0.4,0.19,23,9,1
14815.67,1,0,3.0,0.61,0.18,3,96,0
2899.96,0,0,5.26,0.7,0.09,1,21,0
22257.53,0,1,1.48,0.71,0.43,21,95,0
38143.46,0,0,0.8,0.51,0.75,6,33,0
38568.69,0,0,4.74,0.7,0.92,14,47,0
48535.52,1,0,9.64,0.7,0.42,2,87,1
924.48,0,1,6.49,0.4,0.53,17,50,1
31615.75,0,0,3.01,0.98,0.47,22,62,0
24980.04,1,0,6.97,0.42,0.08,7,67,1
47461.47,1,1,8.17,0.7,0.85,2,26,1
14512.35,0,0,5.6,0.88,0.84,21,72,0
20825.87,1,0,0.5,0.36,0.74,13,45,0
40672.36,1,0,4.65,0.07,0.21,17,48,0
37683.36,1,0,1.32,0.18,0.23,21,68,0
48763.05,0,0,6.77,0.12,0.82,13,96,0
8642.46,0,0,0.74,0.3,0.42,4,70,0
12233.77,0,0,6.71,0.96,0.68,20,35,0
15877.28,1,0,3.39,0.95,0.85,3,42,1
44987.3,0,0,9.21,0.32,0.2,6,64,0
39632.58,0,0,1.44,0.46,0.97,2,34,0
27627.17,0,0,5.21,0.14,0.76,6,82,0
20305.39,1,0,8.44,0.37,0.96,6,4,1
2009.38,1,0,2.4,0.99,0.53,12,70,0
25300.94,0,0,3.42,0.56,0.48,12,30,0
13095.72,0,1,6.03,0.78,0.96,8,69,1
49132.24,0,0,4.09,0.5,0.9,18,40,0
45342.11,0,0,3.38,0.39,0.09,3,56,0
14813.33,1,0,4.53,0.41,0.16,4,55,0
41308.68,0,0,6.53,0.36,0.1,11,89,0
42147.1,1,0,4.59,0.73,0.94,7,73,1
2973.83,0,0,6.92,0.18,0.53,11,98,0
11017.16,1,0,7.84,0.64,0.35,15,56,1
39140.05,1,0,6.89,0.62,0.55,15,69,1
258.05,0,0,1.87,0.91,0.67,15,96,0
40753.62,0,0,0.13,0.4,0.18,4,3,0
24003.45,0,0,2.18,0.93,0.1,0,21,0
25616.8,0,0,9.67,0.32,0.61,18,95,0
44066.61,0,1,7.04,0.25,0.44,20,20,1
38046.78,0,0,8.79,0.33,1.0,12,99,0
45372.53,0,0,7.64,0.96,0.68,19,46,0
34205.31,0,1,4.37,0.94,0.46,17,43,0
13977.75,0,0,9.6,0.22,0.14,14,16,0
12121.4,1,0,2.31,0.32,0.46,23,97,0
45677.23,1,0,3.07,0.71,0.45,23,79,0
21564.52,1,0,3.75,0.96,0.06,23,45,0
9556.96,0,0,1.8,0.07,0.37,14,43,0
34641.58,1,1,5.54,0.95,0.06,15,77,1
39253.53,0,0,1.21,0.72,0.99,22,44,0
933.88,0,0,6.93,0.73,0.58,17,5,0
5263.61,0,0,0.22,0.37,0.42,0,14,0
15154.04,0,1,9.15,0.68,0.53,21,79,0
5343.77,0,0,0.85,0.66,0.82,14,68,0
38550.3,0,0,5.97,0.54,0.99,13,10,0
48769.09,1,0,6.33,0.54,0.97,0,64,1
47242.03,0,0,8.56,0.19,0.95,0,37,1
48561.47,1,0,7.81,0.2,0.14,18,72,1
1652.9,1,0,4.25,0.18,0.74,9,68,0
20954.32,0,0,3.22,0.06,0.06,21,51,0
27416.26,0,0,7.01,0.08,0.77,3,86,1
19335.64,0,0,8.58,0.41,0.72,23,99,0
10666.4,1,0,9.03,0.21,0.37,12,26,0
12859.5,1,0,1.68,0.51,0.51,12,37,0
39018.07,1,0,9.73,0.1,0.09,22,75,1
44900.24,0,0,8.37,0.17,0.3,20,57,0
49096.76,1,0,3.49,0.68,0.16,6,85,0
24081.16,0,1,0.11,0.98,0.39,5,41,0
7338.66,1,1,0.3,0.1,0.92,5,38,0
23375.71,0,0,9.61,0.57,0.85,22,80,0
23573.63,0,0,6.03,0.6,0.65,16,39,0
35543.29,0,0,8.86,0.18,0.68,5,7,0
4945.98,1,0,6.32,0.81,0.94,23,72,1
13026.8,1,0,0.32,0.91,0.6,12,49,0
9804.66,0,0,9.12,0.06,0.79,2,59,0
36974.46,0,0,8.99,0.48,0.65,4,27,0
26129.75,0,0,9.14,0.06,0.66,4,14,0
421.83,0,0,8.04,0.32,0.64,14,53,0
11793.16,0,0,8.34,0.85,0.37,21,83,0
8845.85,0,1,2.74,0.37,0.36,6,92,0
42190.93,0,1,1.24,0.9,0.23,17,78,0
8001.89,0,0,4.55,0.73,0.1,14,24,0
35181.13,1,0,6.84,0.26,0.56,1,33,1
35036.47,1,0,0.75,0.12,0.76,14,22,0
19233.42,0,0,3.31,0.87,0.79,7,97,0
7716.53,0,0,9.33,0.34,0.87,7,60,0
44292.62,1,0,5.24,0.85,0.29,15,10,1
25458.43,0,0,9.34,0.35,0.39,8,74,0
28128.5,1,0,8.73,0.77,0.74,18,26,1
1179.87,0,1,5.89,0.25,0.14,22,0,0
36116.34,0,0,4.14,0.6,0.72,3,62,0
30565.82,0,0,9.84,0.91,0.88,13,73,1
40539.59,0,0,5.98,0.19,0.21,8,89,1
13360.33,0,0,8.84,0.83,0.49,10,1,0
15325.1,0,1,3.96,0.06,0.38,16,86,0
16484.38,0,0,1.88,0.89,0.37,10,84,0
29776.5,0,0,9.91,0.21,0.76,5,3,1
7343.67,1,0,6.33,0.66,0.53,10,11,0
37612.49,0,0,7.03,0.72,0.57,18,76,0
17696.94,0,0,9.07,0.05,0.3,12,97,0
592.06,0,0,7.91,0.79,0.79,23,11,0
44147.93,0,0,3.44,0.21,0.37,12,79,0
26061.94,0,0,7.18,0.32,0.36,15,13,0
6529.67,1,0,1.59,0.15,0.83,13,4,0
40987.95,0,1,9.89,0.63,0.63,7,41,1
11683.73,0,0,3.51,0.18,0.35,20,83,0
32922.1,1,0,0.43,0.72,0.96,7,75,1
9501.88,0,1,0.23,0.57,0.2,17,94,1
11042.21,1,0,3.52,0.48,0.91,13,22,0
2059.17,0,1,3.3,0.29,0.76,7,91,0
28294.86,0,0,2.89,0.25,0.97,23,97,0
17264.75,0,0,3.44,0.57,0.78,9,24,0
26484.18,1,0,0.88,0.58,0.66,8,96,0
37286.48,0,1,1.77,0.76,0.13,21,2,1
27639.57,0,1,0.14,0.54,0.26,17,9,0
5569.63,1,0,9.14,0.07,0.66,8,29,1
21648.27,1,1,2.54,0.95,0.7,20,84,1
28162.11,1,1,1.37,0.35,0.28,16,64,1
40159.69,1,0,3.82,0.18,0.25,21,86,0
11225.04,0,0,2.21,0.19,0.95,13,12,0
27958.61,0,1,8.81,0.51,0.39,18,30,1
13451.42,0,1,3.18,0.23,0.5,12,68,0
25966.08,0,0,9.06,0.14,0.88,12,65,0
36465.2,0,1,6.85,0.08,0.18,16,66,1
33163.77,1,0,6.63,0.78,0.6,20,3,1
8846.0,1,0,7.49,0.38,0.76,7,50,0
49083.76,0,0,9.82,0.87,0.09,23,80,0
9144.11,1,0,5.64,0.68,0.94,3,20,1
28673.94,1,0,6.91,0.77,0.36,12,96,1
34691.17,0,1,1.88,0.91,0.35,23,60,0
34855.28,0,0,4.72,0.19,0.81,5,44,0
3064.21,1,0,3.79,0.62,0.51,23,86,0
6249.99,1,0,9.77,0.24,0.15,10,53,0
4091.3,0,1,0.57,0.81,0.42,15,75,0
8887.21,1,0,8.68,0.57,0.09,14,0,0
29426.84,0,0,8.21,0.86,0.81,8,66,1
16804.84,0,0,2.72,0.4,0.84,21,46,0
49799.11,0,1,1.04,0.72,0.26,9,51,0
47321.43,0,0,1.86,0.14,0.37,16,36,0
43178.98,0,0,6.55,0.1,0.98,6,35,0
36936.39,1,0,9.98,0.12,0.98,1,65,1
42621.73,0,1,2.29,0.8,0.23,18,11,0
30765.0,0,1,5.82,0.67,0.32,13,63,1
27305.52,0,0,7.06,0.71,0.39,4,25,1
28155.69,1,0,3.97,0.37,0.55,20,24,0
4479.3,1,0,3.22,0.39,0.09,2,71,0
7713.47,1,0,3.04,0.16,0.84,2,60,0
26214.05,1,1,7.34,0.75,0.15,13,48,1
3435.68,0,0,8.82,0.28,0.97,14,48,0
24906.83,0,1,8.49,0.07,0.95,10,26,1
4210.82,0,0,2.27,0.77,0.13,15,65,0
16063.16,1,0,7.53,0.39,0.57,10,73,0
49324.18,1,1,1.93,0.85,0.56,17,46,1
33466.29,0,0,8.92,0.13,0.49,3,22,0
3137.55,1,1,6.64,0.06,0.22,23,96,1
11761.13,1,0,3.04,0.93,0.75,11,15,0
19006.19,0,1,5.22,0.9,0.38,12,53,0
2788.95,1,1,3.7,0.79,0.76,11,39,1
24241.22,0,0,4.07,0.08,0.31,14,71,0
14377.43,0,0,5.25,0.57,0.36,12,7,0
38447.21,0,0,6.48,0.91,0.72,21,21,1
41944.16,1,0,9.7,0.57,0.49,6,43,1
23536.68,0,0,0.36,0.47,0.91,14,5,0
20508.96,0,0,7.44,0.33,0.5,8,53,0
28859.52,0,0,1.88,0.24,0.93,4,16,0
15608.39,0,1,7.84,0.09,0.71,11,39,0
23830.09,0,0,9.82,0.66,0.4,0,2,1
10901.9,0,0,3.48,0.76,0.82,0,5,0
27016.53,0,0,2.36,0.72,0.29,19,0,0
26472.21,1,0,8.09,0.16,0.78,0,47,1
45197.07,0,0,9.28,0.72,0.44,4,62,1
41531.79,1,0,6.41,0.84,0.89,2,22,1
40691.77,0,0,3.78,0.63,0.66,19,74,0
25687.99,1,0,0.24,0.06,0.68,9,86,1
23609.28,0,1,2.68,0.45,0.7,5,2,1
2668.64,0,0,6.22,0.12,0.68,19,82,0
24480.2,0,1,4.7,0.33,0.79,12,38,0
13078.25,1,0,1.2,0.33,0.88,7,80,0
45026.94,0,0,2.85,0.22,0.07,23,43,0
30258.27,1,0,9.19,0.38,0.46,23,76,1
20489.55,0,0,7.61,0.83,0.37,13,52,0
34138.09,1,1,1.57,0.56,0.59,11,42,1
7360.93,0,0,7.03,0.87,0.22,2,47,0
